headline,date,main_headline,content,url
"Jembatan Kartini Ditutup Karena Ambles, Arus Lalin Dialihkan","Senin 12 Maret 2018, 16:58 WIB",Dishub Surabaya mengimbau agar menghindari Jalan Kartini yang ditutup karena jembatan ambles. Pengguna jalan diimbau mencari jalan alan alternatif.,"Surabaya - Dinas Perhubungan (dishub) Surabaya mengimbau pengguna jalan untuk menghindari Jalan Kartini yang ditutup karena jembatannya ambles. Pengguna jalan diimbau untuk mencari jalan lain atau jalan alternatif. ""Kami mengimbau kepada para pengguna jalan agar mencari alternatif jalur lain di saat jam aktif. Dikhawatikan akan terjadi kemacetan,"" kata Kabid Lalu Lintas Dinas Pergubungan Kota Surabaya Rubben Rico kepada detikcom, Senin (12/3/2018).Ruben mengatakan pihaknya sudah melakukan rekayasa pengalihan arus sejak hari Minggu (12/3/2018). ""Kami alihkan yang dari Jalan Darmo bisa melewati WR Supratman atau melewati Jalan rr Soetomo. Sebaliknya dari Banyu Urip atau dari Diponegoro bisa lewat Jalan Padegiling atau lewat dr Soetomo,"" ujar Rubben.Rubben mengatakan penutupan sebagian Jalan Kartini akan berlangsung sekitar 6 hari. ""Kami mendapatkan info dari Dinas PU bahwa jembatan ini akan ditutup selama 6 hari. Karena mereka meminta waktu yang cukup. Sebab salah satu girder Jembatan Kartini ada yang patah. Jadi perlu pemancangan,"" kata Ruben.Dalam pantauan detikcom, perempatan Jalan Kartini yang mengarah ke Jalan Diponegoro ditutup dengan mengunakan barrier. Selain itu, warga yang penasaran berdatangan melihat amblesnya jalan rusak. (iwd/iwd) jembatan kartini ambles pemkot surabaya dinas pu surabaya dishub surabaya",https://news.detik.com/berita-jawa-timur/d-3912238/jembatan-kartini-ditutup-karena-ambles-arus-lalin-dialihkan
Polisi Amankan 4 Pelaku Pembunuhan Faizin yang Ber-jersey Persebaya,"Senin 12 Maret 2018, 14:55 WIB","Polisi menangkap pelaku pembunuhan Muhammad Faizin (18), pemuda ber-jersey Persebaya. Ada empat pelaku yang diamankan.","Probolinggo - Polisi menangkap pelaku pembunuhan Muhammad Faizin (18), pemuda ber-jersey Persebaya. Ada empat pelaku yang diamankan. Salah satu pelaku adalah pemuda yang sebelumnya mengaku sebagai korban.Polisi menetapkan keempat pelaku sebagai tersangka setelah melakukan pemeriksaan secara intensif berdasarkan barang bukti yang sudah dikumpulkan. Para tersangka adalah Septian Bagus Prabowo (25), warga Kelurahan/Kecamatan Kademangan, Kota Probolinggo; Muhammad Usman (20), Kelurahan Triwung Kidul, Kecamatan Kademangan, Kota Probolinggo; Fatok Fauzan (22), warga Kelurahan Pohsangit Kidul, Kademangan, Kota Probolinggo; dan HF (15), warga Kecamatan Kademangan, Kota Probolinggo.""Keempat tersangka merupakan anak jalanan. Salah satunya masih di bawah umur,"" ujar Kapolres Probolinggo Kota AKBP Alfian Nurrizal kepada wartawan, Senin (12/3/2018).Alfian mengatakan, salah satu tersangka yakni Septian Bagus Prabowo sebelumnya bahkan mengaku sebagai korban lain dari kasus ini. Namun karena keterangan Bagus yang mencurigakan, justru menjadi jalan masuk polisi untuk mengungkap kasus ini.Bagus awalnya mengaku tak kenal dengan korban. Namun menurut saksi, Bagus kenal akrab dengan korban. Dari situlah polisi terus mencecar Bagus dengan pertanyaan yang akhirnya membuat Bagus terpojok dan mengaku. Dari baguslah polisi menetapkan tiga tersangka lain.""Tersangka Bagus ini mengaku sebagai korban karena mengalami luka sabetan pada lengan kirinya. Ternyata luka itu karena tersabet temannya sendiri saat mengeroyok korban,"" kata Alfian. Meski sudah mengamankan empat tersangka, namun polisi masih terus mengembangkan kasus ini. ""Kami kembangkan kasus ini karena bisa jadi ada tersangka lain karena ini kasus pengeroyokan dengan banyak pelaku,"" tandas Alfian. (iwd/iwd) pembunuhan di probolinggo probolinggo",https://news.detik.com/berita-jawa-timur/d-3911897/polisi-amankan-4-pelaku-pembunuhan-faizin-yang-ber-jersey-persebaya
Cerita Petani Udin soal Padi 'Raksasa' yang Ditanamnya,"Senin 12 Maret 2018, 15:06 WIB","Diaudin Aridowi (24), warga Blitar, baru pertama kali menanam padi jenis PIM 1. Dia senang, ternyata padinya tumbuh subur. Tingginya kini 185 cm.","Blitar - Diaudin Aridowi (24), warga Dusun Bebekan, Desa Combong, Kecamatan Garum, Blitar, baru pertama kali menanam padi jenis PIM 1. Dia senang, ternyata padinya tumbuh subur. Tingginya kini 185 cm.Udin, panggilan Diaudin Aridowi, menanam padi varietas tersebut di lahan berukuran 14 meter x 1 meter. Istilahnya uji coba. Karena menurut Udin, belum pernah ada yang menanam.""Kata temen saya, masa panen padi jenis ini memang lebih lama seminggu daripada padi biasanya. Tapi produksinya lebih banyak dan lebih tahan hama,"" kata Udin ditemui detikcom di tepi sawahnya Senin (11/3/2018).Bibit padi PIM 1 didapat Udin dari Petugas Penyuluh Lapangan (PPL) Boing Kristiawan, warga Ngegong, Desa Gedok, Kecamatan Sananwetan, Kota Blitar. Masa panen lebih lama dibanding padi pada umumnya, yakni 120 hari. Padi biasa hanya 105 hari.Kelebihannya, padi PIM 1 lebih banyak mernghasilkan bulir. ""Dalam satu batang bisa berisi 800 sampai 900 bulir padi. Kalau padi umumnya, satu batang hanya berisi 125 sampai 200 bulir,"" kata Udin.Sejauh ini perkembangan padi yang ditanam Udin cukup menggembirakan. Tingginya 185 cm. Tampak jangkung dibanding padi-padi lainnya yang hanya 70 cm.Udin berharap panen berhasil. Para petani di daerahnya akan menanam padi jenis serupa. (trw/trw) padi raksasa varietas baru blitar",https://news.detik.com/berita-jawa-timur/d-3911968/cerita-petani-udin-soal-padi-raksasa-yang-ditanamnya
Seorang Ibu di Tuban Tewas Keracunan Ikan Buntal,"Senin 12 Maret 2018, 16:43 WIB","Diduga mengkonsumsi ikan Buntal (buntek) seorang ibu di Tuban meninggal dunia tewas. Kasmini (40) sempat dirawat petugas kesehatan, namun nyawanya tak tertolong","Tuban - Diduga mengkonsumsi ikan Buntal (buntek) seorang ibu di Tuban meninggal dunia. Kasmini (40) warga Desa Mliwang, Kecamatan Kerek, Tuban ini sempat dirawat petugas kesehatan. Namun karena racun yang sangat kuat, nyawa Kasmini akhirnya tak tertolong. Kejadian ini berawal pada Minggu sore (11/3/2018). Korban membeli ikan di toko ikan yang tak jauh dari rumahnya. Ikan tersebut kemudian dimasak dan langsung dikonsumsinya. Kasmini memakan masakan yang diolahnya dengan memakan telur ikan buntek. Tak lama kemudian, merasakan sakit mual dan pusing sehingga oleh keluarga dibawa ke bidan desa setempat untuk pertolongan awal. Namun karena korban semakin lemah kondisinya dirujuk ke rumah sakit.""Jadi awalnya kita mendapat laporan kalau ada warga meninggal karena habis makan ikan buntek. Kita cek TKP dan memintai keterangan para saksi. dari data yang kita dapat memang benar korban awalnya makan telur ikan buntek , korban merasa pusing dan perutnya mual-mual, sehingga korban dibawa ke bidan desa oleh anak kandungnya untuk dilakukan penanganan medis,"" ujar Kasubag Humas Polres Tuban Iptu Agus Edy Pranoto kepada wartawan, Senin (12/3/2018).Agus menambahkan, korban membeli ikan dari Imam, seorang pedagang ikan laut. Korban memilih sendiri jenis ikan yang dikehendakinya. Tak disangka korban malah memilih jenis ikan yang beracun.""Di rumah korban juga masih terdapat sisa makanan di atas meja diantaranya, 4 ekor ikan laut goreng, 1 buah kelapa muda, dan beberapa masakan lainnya,"" tambahnya. Pihak keluarga tidak menghendaki dilakukan otopsi, sehingga jasad korban langsung diserahkan kepada keluarga untuk dimakamkan.Ikan buntek atau ikan buntal adalah salah satu jenis ikan laut yang dipercayai sebagai vertebrata paling beracun di dunia. Ikan buntal memiliki nama yang berbeda-beda di setiap daerah, di Indonesia sering dikenal dengan nama ikan buntek. Racun yang terkadung dalam ikan buntal adalah jenis Tetrodotoxin (TTX). (fat/fat) keracunan tuban",https://news.detik.com/berita-jawa-timur/d-3912204/seorang-ibu-di-tuban-tewas-keracunan-ikan-buntal
"Di Rutan Medaeng, Dilarang Besuk Tanpa Kenakan CD","Senin 12 Maret 2018, 16:35 WIB",Rutan Klas I Surabaya di Medaeng Sidoarjo mewajibkan pembesuk perempuan mengenakan celana dalam. Tujuannya untuk mengantisipasi hal-hal yang tidak diinginkan.,"Sidoarjo - Rutan Klas I Surabaya di Medaeng Sidoarjo mewajibkan pembesuk perempuan mengenakan celana dalam (CD) saat melakukan besuk. Hal itu dilakukan untuk mengantisipasi hal-hal yang tidak diinginkan yang berhubungan dengan norma kesusilaan.""Aturan tersebut sudah lama dan sudah sesuai SOP, "" kata Kepala Rutan Klas I Surabaya di Medaeng Sidoarjo Bambang Haryanto kepada detikcom saat di temui dikantornya, Senin (12/3/2018). Bambang mengatakan aturan itu berlaku tak hanya kepada perempuan yang membesuk suaminya saja, tetapi kepada semua pembesuk perempuan. Bambang mengaku mengatakan aturan tersebut secara garis besar saja, tak mengatakan larangan itu secara spesifik""Kalau larangan secara spesifik saya tidak pernah menyampaikan. Sebenarnya pembesuk diwajibkan mengenakan celana panjang dan berbusana yang sopan. Kalau mungkin ada sumber berita yang mengatakan bahwa pembesuk harus pakai celana dalam, itu tidak ada. Logikanya dari sisi estetika saja orang nggak pakai celana dalam kan kurang pas,"" kata Bambang.Bambang mengelak jika di Rutan Medaeng pernah ditemukan kasus asusila. Setidaknya dia tak pernah menemui kasus tersebut saat ia menjabat. Bambang telah menjabat sebagai Kepala Rutan sekitar setahun belakangan. ""Di rutan Medaeng ini belum pernah terjadi pembesuk melakukan hubungan layaknya suami istri. Di Rutan Medaeng juga tidak menyediakan bilik mesra karena itu menyalahi aturan,"" tambah Bambang.Bambang menjelaskan, setiap harinya ada 850-900 pembesuk di Rutan Medaeng. Jam besuk ditetapkan Senin-Sabtu mulai pukul 08.00-15.00 WIB dan untuk hari Minggu dan hari besar besuk ditiadakan.Untuk pengunjung yang besuk, disediakan ruang. Di ruangan itu para pembesuk bisa bertemu dengan keluarganya. Di ruangan itu mereka bercampur dengan para pembesuk lain. Satu pembesuk disediakan waktu kurang lebih 30 menit. (iwd/iwd) rutan medaeng celana dalam",https://news.detik.com/berita-jawa-timur/d-3912177/di-rutan-medaeng-dilarang-besuk-tanpa-kenakan-cd
"Ke Jember, Puti Kunjungi Madrasah yang Rusak Akibat Puting Beliung","Senin 12 Maret 2018, 15:54 WIB",Pekan ini Cawagub Puti Guntur Soekarno mengawali kampanyenya dengan mengunjungi madrasah yang rusak terkena angin puting beliung di Jember.,"Jember - Calon Wakil Gubernur Jawa Timur Puti Guntur Soekarno mengawali safari politiknya pekan ini dari Jember. Ia mengunjungi madrasah yang rusak terkena angin puting beliung di Pondok Pesantren Al Mubarokah, Pakusari, Senin (12/3/2018).Akibat terkena bencana itu sekitar 1,5 bulan lalu, tiga ruangan kelas ambruk. Puing-puing bangunan masih terlihat. Cucu Bung Karno itu pun tidak bisa menyembunyikan rasa prihatinnya.""Sarana, prasarana serta infrastruktur pendidikan harus layak dan baik. Supaya para siswa dapat belajar dengan nyaman,"" kata Puti.Pasangan Calon Gubernur Saifullah Yusuf (Gus Ipul) dan Calon Wakil Gubernur Puti Guntur Soekarno menaruh perhatian penting untuk urusan pendidikan. Paslon nomor 2 itu telah merancang pendidikan gratis dan Madrasah Diniyah Plus.Puti menjelaskan, salah satu permasalahan pendidikan adalah kurang memadainya infrastruktur. Persoalan itu juga terjadi di pondok pesantren dan madrasah. ""Sehingga, Gus Ipul dan saya menyusun program peningkatan sarana prasarana sekolah dalam skala prioritas kebijakan, jika kami berdua terpilih dalam Pilkada Jawa Timur,"" lanjut Puti.Ia kembali mengungkapkan keprihatinannya ketika melihat bangunan sekolah yang terkena bencana. ""Atapnya ada yang mau roboh. Saat hujan, airnya masuk,"" ujar Puti.Siswa yang kelasnya rusak juga terpaksa harus bergantian ruang belajar dengan siswa dari kelas yang lain. Melihat hal ini, Puti berjanji akan mencarikan solusi untuk Pondok Pesantren Al Mubarokah yang roboh. ""Kami akan mengurangi beban masalah di pondok ini,"" pungkasnya. Rohmatullah, pengasuh pondok pesantren yang mendampingi Puti pun berharap pemerintah turun tangan membantu.""Sementara, kami tanggulangi dengan membuat sekat-sekat ruang kelas. Tapi tentu ini tidak membuat siswa nyaman. Apalagi, siswa kelas 6 sebentar lagi ujian,"" ujar Rohmatullah. Ia berterimakasih karena Puti berkenan untuk berkunjung dan memberikan perhatian. ""Kunjungan beliau menggugah batin kami. Semangat kami bangkit untuk memberi pendidikan terbaik pada siswa,"" lanjutnya. Diakui Rohmatullah, dalam membangun sekolahnya kembali, pihaknya banyak terkendala pendanaan. ""Apalagi sekolah ini dibangun swadaya demi memberikan pendidikan terbaik bagi siswa di sini,"" tutupnya. (lll/iwd) puti guntur soekarno gus ipul-puti guntur pilgub jatim 2018 jember birojatim",https://news.detik.com/berita-jawa-timur/d-3912100/ke-jember-puti-kunjungi-madrasah-yang-rusak-akibat-puting-beliung
"Khofifah-Emil Bertemu Rhoma di Surabaya, Apa yang Dibicarakan?","Senin 12 Maret 2018, 16:36 WIB",Khofifah menceritakan banyak programnya untuk Jawa Timur dalam kontestasi Pilgub Jatim 2018. Juga menyampaikan keprihatiannya terhadap persoalan di Jawa Timur.,"Surabaya - Pasangan calon Gubernur dan Wakil Gubernur Jatim Khofifah-Emil bertemu dengan Rhoma Irama. Pertemuan ini dilakukan menjelang acara Muskerwil DPW Forsa Jatim (Fans Of Rhoma and Soneta) yang digelar di Novetel Hotel Jalan Ngagel, Senin(12/3/2018).Sebelum digelarnya Muskerwil DPW Forsa Jatim, Khofifah-Emil bertemu dengan pedangdut legendaris Rhoma Irama di kamar 241. Setelah bersalaman akhirnya mereka bertatap muka. ""Silakan, Akhirnya kita bernostalgia,"" kata Rhoma Irama kepada pasangan Khofifah-Emil.Dalam ramah tamah tersebut, Khofifah menceritakan banyak programnya untuk Jawa Timur dalam kontestasi Pilgub Jatim 2018. Juga menyampaikan keprihatinannya terhadap persoalan di Jawa Timur.""Saya membuka data ini kepada beberapa kelompok yang bisa saya ajak berdiskusi. Saat ini di Jawa Timur persoalan HIV menjadi nomor satu, kemudian AIDS, kemudian kekerasan seksual SD, SMP, SMA baik pelaku maupun korban nomor satu dibandingkan Jawa Barat ini data 2017,"" kata Khofifah kepada Rhoma Irama.Selain itu, Khofifah menceritakan saat ini, panti-panti pengasuhan dari anak-anak yang terlahir tidak diinginkan di Jawa Timur yang sudah menampung mereka.""Ada namanya pesantren milenium. Jadi ada 256 anak yang terlahir tidak diinginkan ditampung di sana,"" kata Khofifah.Khofifah juga menyampaikan salah satu programnya yang akan memberikan bantu kepada 10 ribu hafiz Alquran dan juga 41 ribu imam masjid. ""Selain itu, nanti di pesantren ada building khusus untuk anak nelayan yang kurang mampu dan Jatim piatu yang kurang mampu,"" kata KhofifahPertemuan tersebut dilakukan sebelum acara Muskerwil DPW Forsa Jatim (Fans Of Rhoma and Soneta) hari ini. Forsa Jatim akan mendeklarasikan pasangan Khofifah-Emil dalam Pilgub Jatim 2018. (trw/trw) pilgub jatim 2018 pilkada serentak 2018 jawa timur",https://news.detik.com/berita-jawa-timur/d-3912180/khofifah-emil-bertemu-rhoma-di-surabaya-apa-yang-dibicarakan
Satu Orang Tenggelam di DAM Tandur Sumenep Berhasil Ditemukan,"Senin 12 Maret 2018, 16:43 WIB","Tim SAR akhirnya menemukan satu korban tenggelam di DAM Standur Bangkal, Sumenep. Korban bernama Salim (20).","Sumenep - Tim SAR akhirnya menemukan satu korban tenggelam di DAM Standur Bangkal, Sumenep. Korban bernama Salim (20). ""Iya, sudah kita temukan sekitar pukul 10.15 WIB tadi,"" ujar Komandan Tim SAR Surabaya, Bherty Iswandini saat dihubungi detikcom di Surabaya, Senin (12/3/2018).Salim ditemukan meninggal dunia sekitar 100 meter dari lokasi. Jenazahnya dievakuasi ke RSUD H. Moch Anwar, Sumenep.Sementara saksi mata di kejadian, Saiful, mengatakan saat itu ada tiga pemuda yang sedang pesta minuman keras di pintu air Standur. Ketika botol minum mereka terjatuh ke DAM, Fikri pun meloncat ke pintu air tersebut dan akhirnya hanyut oleh arus. ""Tak lama, si Salim meloncat untuk menolong Fikri. Keduanya pun terseret arus air yang deras,"" tambah Saiful.Lalu, Roni ikut melompat untuk menolong keduanya temannya. Dia juga sempat meminta tolong warga dan dilempari tali tambang. ""Roni berhasil selamat. Namun, kedua temannya tidak,"" ujar Saiful. (fat/fat) orang tenggelam sumenep",https://news.detik.com/berita-jawa-timur/d-3912237/satu-orang-tenggelam-di-dam-tandur-sumenep-berhasil-ditemukan
"Ribuan Liter Arak Jowo Diamankan Polresta Blitar, Pemilik DPO","Senin 12 Maret 2018, 15:14 WIB","3.000 Liter Arak Jowo diamankan Satresnarkoba Polresta Blitar. Arak Jowo itu diamankan dari rumah Dyah Retno Ningsih (49), warga Desa Pacuh.","Blitar - 3.000 Liter Arak Jowo diamankan Satresnarkoba Polresta Blitar. Arak Jowo itu diamankan dari rumah Dyah Retno Ningsih (49), warga Desa Pacuh, Kecamatan Nglegok, Kabupaten Blitar. Penangkapan tersangka di rumahnya dilakukan setelah polisi menerima beberapa laporan warga sekitar.""Kami lakukan penyelidikan dan menemukan 83 jerigen ukuran 30 liter berisi arak Jowo, 20 botol ukuran 1,5 liter, 20 botol ukuran 600 ml. Selain itu juga turut diamankan uang tunai Rp 2 juta dari hasil menjual miras,"" kata Kapolresta Blitar, AKBP Adewira Negara Siregar di Mapolresta, Senin (12/3/2018).Hasil keterangan tersangka menyatakan telah menjual minuman keras itu sejak Juli 2017. Dia membeli miras jenis arak Jowo itu dari Maryono warga Solo seharga Rp 21 juta.""Saudara Maryono saat ini kami tetapkan sebagai DPO,"" lanjutnya. Awalnya tersangka membeli 100 jerigen, namun telah terjual dan masih tersisa 83 jerigen. Satu jerigen, dijualnya seharga Rp 210 ribu.""Namun tersangka mencampurnya dengan air 10 liter tiap jerigen. Campuran 40 liter itu dituang ke botol 1,5 liter menjadi 26 botol, lalu satu botolnya dijual Rp 35 ribu,"" papar Adewira.Pada tersangka akan dikenakan pasal 204 ayat 1 KUHP. Barang siapa menjual, menawarkan, menyerahkan atau membagikan barang yang diketahui membahayakan nyawa atau kesehatan orang lain. Sedangkan sifatnya berbahaya itu tidak memberitahukannya, diancam dengan pidana penjara maksimal 15 tahun. (fat/fat) arak jowo polresta blitar",https://news.detik.com/berita-jawa-timur/d-3912029/ribuan-liter-arak-jowo-diamankan-polresta-blitar-pemilik-dpo
Duh! Semua Paslon di Pilwali Malang Langgar Aturan Kampanye,"Senin 12 Maret 2018, 15:33 WIB","Semua paslon mengikuti kontestasi Pilwali Malang 2018, melanggar aturan kampanye, duh! Panwaslu tak segan mengeluarkan teguran, dan meminta tak diulang kembali.","Malang - Memprihatinkan, semua paslon mengikuti kontestasi Pilwali Malang 2018, melanggar aturan kampanye. Panwaslu tak segan mengeluarkan teguran, dan meminta tak diulang kembali.Tiga paslon berebut kursi Wali Kota dan Wakil Wali Kota periode 2018-2023. Mereka, paslon urut 1 Ananda Yaqud Gudban-Wanedi, nomor urut 2 Moch Anton-Syamsul Mahmud, dan paslon urut 3 Sutiaji-Sofyan Edi Jarwoko.""Kalau melanggar, hampir semua. Baik paslon nomor urut 1, urut 2, maupun urut 3. Yang dilakukan ketika masa kampanye ini,"" terang Komisioner Panwaslu Kota Malang, Iwan Sunaryo, kepada detikcom, Senin (12/3/2018).Iwan memang tak bisa merinci satu per satu pelanggaran yang dilakukan oleh ketiga paslon. Namun dirinya memastikan pelanggaran itu ada, dan telah diberikan teguran.""Contohnya kampanye di lembaga pendidikan di wilayah Sukun. Sudah kami berikan teguran, lainnya adalah perlombaan dengan hadiah sampai diatas Rp 7 juta. Kami langsung merespon dan menghentikan kegiatan itu. Terakhir terjadi di Kecamatan Lowokwaru,"" tegas Iwan.Pihaknya meminta masyarakat pro aktif untuk melaporkan atau mengadukan adanya indikasi pelanggaran kampanye, sehingga bisa segera ditindak lanjuti.""Masyarakat silahkan melapor, kami siap langsung merespon dengan mendatangi lokasi,"" tandasnya.Dia mengklaim, langkah pencegahan semaksimal mungkin akan dilakukan. Agar dalam masa kampanye, ketiga paslon tak menghalalkan segala cara dalam menarik simpati masyarakat.""Upaya pencegahan kami terus lakukan. Kami harapkan kedepan, pelanggaran serupa tak diulangi kembali,"" tandasnya dalam sambungan telpon.Dikatakan, Peraturan KPU jelas mengatur bagaimana calon maju di Pilkada saat masa kampanye. Dulu, awal sebelum kampanye, pernah diusulkan zona atau wilayah kampanye, meski tak diatur dalam PKPU. ""Tapi tak disepakati oleh semuanya, ini merupakan ranah KPU sebenarnya,"" bebernya mengakhiri. (fat/fat) pilwali malang 2018",https://news.detik.com/berita-jawa-timur/d-3912061/duh-semua-paslon-di-pilwali-malang-langgar-aturan-kampanye
"Kehilangan Uang, Puluhan Nasabah Lapor ke BRI","Senin 12 Maret 2018, 16:40 WIB","Resah akibat kehilangan uang dalam tabungan mereka secara misterius, 30-an orang nasabah Bank Rakyat Indonesia (BRI) Ngadiluwih melapor ke pihak bank.","Kediri - Resah akibat kehilangan uang dalam tabungan mereka, 30-an orang nasabah Bank Rakyat Indonesia (BRI) mempertanyakan kebenaran ini ke kantor BRI Kecamatan Ngadiluwih Kabupaten Kediri.Nasabah BRI mengaku kecewa lantaran uang di dalam ATM mereka tiba-tiba hilang secara misterius.Berdasarkan pantauan detikcom di lapangan, dari 30-an nasabah BRI yang melapor, mereka kehilangan uang dalam jumlah yang bervariasi, yaitu antara Rp 1-4 juta. Hal ini baru diketahui nasabah ketika mereka mendapat laporan notifikasi berupa pesan singkat di telepon genggam yang mengatakan adanya transaksi pengambilan uang sebesar Rp 1-4 juta.Iriani (30), salah seorang nasabah yang melaporkan kejadian ini ke kantor BRI Ngadiluwih mengaku, ada SMS melalui handphone-nya yang menyatakan bahwa telah terjadi transaksi sebesar Rp 4 juta melalui rekening tabungannya.""Saya mendapatkan SMS dari BRI. Isinya melakukan transaksi sebanyak tiga kali. Dengan jumlah Rp 4 juta. Padahal saya tidak melakukan transaksi apapun,"" jelas Iriani kepada detikcom, Senin (12/3/2018).Senada dengan Riani, Suhadi (45) nasabah asal Ngadiluwih juga mengalami hal yang sama. Ia mengaku mendapat laporan melalui SMS jika telah melakukan transaksi sebesar Rp 3 juta, padahal ia tidak melakukan transaksi pengambilan uang.""Saya juga merasa tidak ambil uang, kok ada laporan uang saya 3 juta diambil,"" ucap Suhadi.Mendapat laporan ini, Kapolsek Ngadiluwih, AKP Shokib Dimyati bersama jajarannya langsung mendatangi kantor BRI Ngadiluwih dan melakukan penyelidikan. Kedatangan anggota kepolisian juga untuk menenangkan nasabah yang merasa resah dan mulai khawatir dengan hilangnya uang mereka.""Saya sudah sejak pagi ada di sini. Kami masih sebatas menyelidiki dan mengamankan lokasi karena banyak masyarakat yang resah dengan kabar hilangnya uang mereka,"" ujar Shokib.Hingga saat ini belum ada pihak perwakilan BRI Ngadiluwih yang bersedia memberikan keterangan resminya. Sejumlah nasabah juga masih berdatangan dan berniat melakukan pemblokiran terhadap rekening tabungannya. (lll/fat) bri penggelapan uang nasabah kediri birojatim",https://news.detik.com/berita-jawa-timur/d-3912182/kehilangan-uang-puluhan-nasabah-lapor-ke-bri
Warga Ponorogo Kembali Tuntut Ganti Rugi Dampak Proyek Waduk Bendo,"Senin 12 Maret 2018, 15:56 WIB",Puluhan warga di Ponorogo menuntut kejelasan ganti rugi dampak pembangunan proyek Waduk Bendo. Aksi ini dilakukan warga di depan kantor Pemkab Ponorogo.,"Ponorogo - Puluhan warga di Ponorogo menuntut kejelasan ganti rugi atas tanah dampak pembangunan proyek Waduk Bendo. Aksi ini dilakukan warga di depan kantor Pemkab Ponorogo, Jalan Alun-Alun Utara.Mereka tampak membawa poster berupa tuntutan.Koordinator aksi, Didik Suwignyo mengatakan ada 89 KK terdampak pembangunan Waduk Bendo.""Kami tidak menuntut apa-apa, hanya hak kami harusnya dipenuhi. Masyarakat menuntut hak kami dipenuhi,"" tutur Didik saat ditemui di lokasi, Senin (12/3/2018).Pasalnya, Didik menilai hak warga dirampas dan belum jelas kapan dilakukan ganti rugi. Hak warga itu berupa tanah garapan, lahan pekarangan dan rumah milik warga. Bahkan pembangunan rumah baru bagi 89 KK itu dinilai hanya bonus saja.""Kami pun menempati rumah baru belum ada sertifikat, rumah kami yang asli pun sudah dirobohkan, kami bahkan sudah sepakat menarik kembali berita acara penyerahterimaan rumah,"" jelas Didik.Didik menjelaskan sebelumnya warga meminta ganti rugi atas tanah dan sawah milik warga senilai dua kali lipat harga normal. Namun pemerintah tidak menyanggupi. Akhirnya dibangunkan 89 unit rumah type 48 yang saat ini sudah ditempati warga.""Kami bahkan rela jika harus tinggal di rumah kami yang sudah ambrol dengan mendirikan tenda sampai tuntutan kami dipenuhi,"" pungkasnya.Sementara aksi ini berlangsung tertib. Polisi juga tampak berjaga di lokasi. (fat/fat) demo warga waduk bendo",https://news.detik.com/berita-jawa-timur/d-3912158/warga-ponorogo-kembali-tuntut-ganti-rugi-dampak-proyek-waduk-bendo
KPU Goes to Campus di Unair Ajak Pemilih Muda Bersuara,"Senin 12 Maret 2018, 13:40 WIB",KPU Goes to Campus digelar. Ini mengajak pemilih muda aktif berpartisipasi menggunakan hak pilihnya dalam pilkada. Kampus yang dikunjungi Universitas Airlangga.,"Surabaya - KPU Goes to Campus digelar. Ini mengajak pemilih muda aktif berpartisipasi dan menggunakan hak pilihnya dalam pilkada. Kampus pertama yang dikunjungi adalah Universitas Airlangga. ""Goes to Campus itu merupakan salah satu cara kami untuk melakukan sosialisasi dan melibatkan masyarakat aktif dalam pemilihan,"" ujar Ketua KPU Indonesia, Arief Budiman saat di kampus Unair, Senin (12/3/2018). Menurut Arief, hal ini penting untuk anak muda karena mereka merupakan kelompok yang masih fresh, energik dan memiliki ide-ide baru. Untuk itu, Arief mengaku telah menyiapkan beberapa cara. Salah satunya, menyiapkan akses yang mudah untuk pemilih millenial. Tidak hanya itu, Arief juga menyiapkan terobosan-terobosan baru agar pemilih muda tertarik untuk terlibat menggunakan suaranya dalam pilkada. Dia menilai jika KPU Goes to Campus merupakan salah satu cara efektif untuk menambah wawasan yang bisa menggerakkan anak muda dalami menentukan pilihannya. ""Harapannya tentu agar wawasan mereka bertambah dan mereka bisa menjadi pemilih yang bijak,"" tambah Arief. KPU Goes to School nantinya akan mengunjungi 17 kampus se-Indonesia. Sementara, Unair merupakan kampus pertama yang dikunjungi dari 17 kampus tersebut. (fat/fat) kpu kpu goes to campus",https://news.detik.com/berita-jawa-timur/d-3911891/kpu-goes-to-campus-di-unair-ajak-pemilih-muda-bersuara
Yuk... Berburu Durian Khas Mojokerto di Kampung Duyung,"Minggu 11 Maret 2018, 16:44 WIB","Tak kalah dengan daerah lain di Jatim, durian asli Mojokerto juga cukup menggiurkan. Salah satunya bisa ditemui di kampung durian, Desa Duyung, Trawas.","Mojokerto - Tak kalah dengan daerah lain di Jatim, durian asli Mojokerto juga cukup menggiurkan. Salah satunya bisa ditemui di kampung durian, Desa Duyung, Trawas. Di tempat ini, pengunjung bisa mencoba 4 jenis durian khas yang dijamin nikmat.Tak lengkap rasanya jika berkunjung ke kawasan wisata Trawas tanpa mampir ke kampung durian Duyung. Untuk menjangkaunya cukup mudah. Karena jaraknya tak lebih dari 3 Km dari Mapolsek Trawas.Masuk ke kampung ini, pengunjung akan disambut puluhan penjual durian. Jangan dibayangkan banyak lapak berjajar di tepi jalan. Pasalnya, durian di kampung ini dijajakan di teras-teras rumah penduduk.""Duren (Durian, red) mas duren,"" suara para pedagang menyambut setiap pengunjung yang datang ke kampung ini.Oleh sebab itu, para pengunjung akan semakin nyaman menyantap buah berkulit duri ini. Betapa tidak, di rumah-rumah warga Desa Duyung ini, pengunjung bisa bersantai melepas lelah sembari menikmati durian. Sejuknya udara lereng Gunung Penanggungan bakal menambah nyaman pengunjung.Pengunjung tinggal duduk lesehan bersama keluarga, teman dan kerabat beralaskan tikar. Karena pemilik rumah akan menyuguhkan durian siap santap. Bahkan saat akhir pekan, mulai dari teras, ruang tamu, ruang keluarga hingga dapur rumah warga di kampung durian ini, dipenuhi pengunjung.""Durian asli Duyung ada Mrico, Lurik, Kendil dan Bajol,"" kata Heri Sudarsono (40), salah satu penjual durian di kampung durian Duyung saat berbincang dengan detikcom, Minggu (11/3/2018).Keempat durian tersebut, lanjut Heri, mempunyai ciri khas masing-masing. Menurut dia, durian di Duyung dijamin masih segar lantaran diunduh langsung dari kebun-kebun warga setempat.Durian Mrico misalnya. Sesuai dengan namanya, ciri khas durian ini berukuran kecil, tapi rasanya sangat manis. Layaknya merica, bumbu dapur ini berukuran kecil namun pedas.Durian Lurik ukurannya lebih besar. Warna kulitnya hijau, sedangkan rasa buahnya manis sedikit pahit. Bedanya dengan Durian Kendil, kulitnya kekuning-kuningan, rasa buahnya dominan pahit. Sementara Durian Bajol ukurannya lebih besar dan lonjong. Buahnya berwarna kuning, rasanya dominan pahit.""Harga Durian Mrico Rp 15-30 ribu per buah, jenis Lurik dan Kendil sama Rp 30-35 ribu, kalau jenis Bajol lebih mahal, Rp 60-100 ribu per buah,"" ungkap Heri.Bagi penggila durian, berkunjung ke kampung Duyung tak perlu khawatir kecewa jika rasa durian tak sesuai keinginan. Pejual memberikan garansi. Jika rasa durian tak nikmat, akan langsung mendapatkan ganti.""Sudah menjadi budaya di kampung durian ini, kami akan mengganti dengan yang baru jika durian rasanya tak enak,"" ujar Heri.Heri menuturkan, tiap akhir pekan kampung durian Duyung tak pernah sepi pengunjung. Mulai dari Mojokerto, Jombang, Sidoarjo, Surabaya hingga Trenggalek.Namun, pengunjung bisa setiap saat datang ke kampung ini untuk menikmati durian. Para penjual durian ini buka setiap hari pukul 06.00-23.00 WIB. Sepanjang Oktober hingga Juni, durian sangat melimpah di kampung ini.""Paling ramai sabtu-minggu. Sehari saya bisa menjual sampai 50 buah durian,"" terangnya.Kepala Desa Duyung Jurianto Bambang Siswantoro menuturkan, penamaan kampung durian bukan tanpa alasan. Menurut dia, Duyung merupakan desa penghasil durian terbesar di Kecamatan Trawas.Terdapat 312 hektare kebun durian di kampung ini. ""Di kampung kami ada 30 rumah yang menyediakan durian. Selain itu, durian Duyung juga dijual di jalan-jalan kawasan Trawas,"" jelasnya.Selain durian, Desa Duyung juga menghasilkan ketela Cilembu, jamur tiram, madu tawon dan salak Pondoh. Pengunjung bisa menjadikan hasil kebun tersebut untuk buah tangan keluarga di rumah. ""Ketela Cilembu 10 ribu/Kg, jamur tiram Rp 15 ribu/Kg, sedangkan salak Pondoh Rp 6-8 ribu/Kg,"" tandasnya. (fat/fat) kampung durian mojokerto",https://news.detik.com/berita-jawa-timur/d-3910421/yuk-berburu-durian-khas-mojokerto-di-kampung-duyung
"Tak Bisa Serap Gabah, Bulog Madiun Rela Petani Jual ke Tengkulak","Senin 12 Maret 2018, 14:36 WIB",Tingginya harga gabah di tingkat petani membuat Perum Bulog Sub Divre IV Madiun tak mampu melakukan penyerapan gabah di musim panen tahun 2018.,"Madiun - Tingginya harga gabah di tingkat petani membuat Perum Bulog Sub Divre IV Madiun tak mampu melakukan penyerapan gabah di musim panen tahun 2018. ""Harga di tingkat petani masih tinggi, sedangkan harga sesuai pemerintah masih jauh di bawah harga di petani,"" jelas Kepala Bulog Sub Divre 4 Madiun, Heriswan saat dihubungi detikcom, Senin (12/3/2018).Saat ini, lanjut Heriswan, harga gabah di tingkat petani masih berada di kisaran Rp 4.500/kg, sedangkan harga pembelian Bulog sesuai Inpres hanya Rp 3.700/kg dengan kadar air 14 persen. Penyerapan gabah tahun 2018 juga masih kosong karena banyaknya tengkulak dari luar daerah yang membeli gabah dengan harga tinggi dan pihak Bulog tidak bisa mencegah karena tidak ada peraturan pemerintah yang terkait kebijakan tersebut.""Untuk penyerapan gabah kita masih belum bisa, mengingat juga banyak tengkulak yang masuk wilayah Madiun-Ngawi yang membawa dengan harga tinggi. Bulog tidak bisa melarang karena petani pasti ingin harga tinggi,"" kata Heriswan.Heriswan menambahkan, saat ini target penyerapan beras Bulog Sub Divre 4 Madiun di tahun 2018 mencapai 38.900 ton. Dengan asumsi jumlah tersebut maka diperlukan pembelian gabah petani mencapai 77.800 ton gabah. Bulog Sub Divre 4 Madiun diketahui membawahi tiga wilayah dalam penyerapan gabah, yakni Madiun Kota dan Kabupaten serta Kabupaten Ngawi.Sementara itu, harga beli gabah Bulog yang hanya mencapai Rp 3.700/kg dinilai sangat jauh di bawah harapan petani. Bahkan petani berpendapat dengan harga tersebut belum mampu mencukupi biaya produksi tanam padi.""Harga segitu mana cukup buat biaya operasional tanam. Petani rugi harga segitu ndak dapat untung,"" jelas salah satu petani, Siman (55), warga Desa/Kecamatan Wonoasri. (lll/iwd) gabah petani harga gabah bulog madiun birojatim",https://news.detik.com/berita-jawa-timur/d-3911870/tak-bisa-serap-gabah-bulog-madiun-rela-petani-jual-ke-tengkulak
Ini Rumah Sakit Terapung Layani Warga di Pulau Terpencil,"Minggu 11 Maret 2018, 20:40 WIB",Warga miskin di pulau terpencil Surabaya kini bisa menikmati layanan kesehatan. Itu setelah Ikatan Alumni Universitas Airlangga (IKA UA) membuat RS Terapung.,"Surabaya - Masyarakat miskin di pulau-pulau terpencil Surabaya kini bisa menikmati layanan kesehatan. Itu setelah Ikatan Alumni Universitas Airlangga (IKA UA) membuat Rumah Sakit Terapung.RS Terapung Ksatria Airlangga, itulah namanya. RS Terapung Ksatria Airlangga ini digagas para alumnus Fakultas Kedokteran Unair Surabaya.Kapal jenis phinisi ini memiliki panjang 27x7,2 meter. Kapal itu disekat menjadi beberapa ruang pemeriksaan medis. Salah satunya terdapat ruangan yang lebih luas, sekitar 3x4 meter. Di dalamnya terdapat dua meja untuk operasi pasien.Ketua IKA UA Hariyanto Basuni mengatakan, RS terapung dibuat untuk menjangkau masyarakat di pulau-pulau terpencil yang belum mendapatkan pelayanan kesehatan.""Rumah Sakit terapung Kstaria Airlangga ini juga didukung fasilitas memadai dan dokter-dokter spesialis ketika melakukan layanan kesehatan. Kami berterimakasih kepada lembaga dan instasi lain yang ikut bergabung dan memberikan suport,"" kata Hariyanto kepada wartawan saat di Pelabuhan Kalimas Surabaya, Minggu (11/3/2018).Saat sandar di Pelabuhan Kalimas Tanjung Perak, warga dan ABK di sekitar pelabuhan berbondong-bondong menghampiri RS terapung ini. Mereka ingin merasakan layanan kesehatan gratis.""Kali ini kami menggelar layanan kesehatan gratis di Pelabuhan Kalimas Surabaya. Sambutannya luar biasa, ada sebanyak 600 lebih warga dan para ABK di Pelabuhan Kalimas yang datang dan mendapat layanan kesehatan,"" ujar Hariyanto.Sebelumnya, RS Terapung ini pernah berlayar ke Gresik. memberikan layanan kesehatan di Pulau Bawean akhir Oktober 2018. Sebanyak 449 pasien yang ditangani. Dari jumlah itu, 59 pasien menjalani operasi bedah, sedangkan 43 lainnya menjalani operasi mata.Penanggungjawab Operasional Kapal RS Terapung Ksatria Airlangga Henri Wibowo menuturkan, setiap melayani masyarakat, pihaknya melibatkan 5 dokter spesialis. Meliputi sepesialis penyakit dalam, bedah, anak, anestasi dan mata.""Setiap bulan diharapkan ada kegiatan pemberian layanan kesehatan di Rumah Sakit Terapung ini. Terdekat akan ke Pulau Sapeken Sumenep pada akhir Maret 2018,"""" terang Henri yang juga merupakan dokter spesialis Andrologi ini. (fat/fat) rumah sakit terapung rs terapung ksatria airlangga",https://news.detik.com/berita-jawa-timur/d-3910667/ini-rumah-sakit-terapung-layani-warga-di-pulau-terpencil
Relawan Jokowi dan Kartini Perindo Menangkan Gus Ipul-Puti Guntur,"Minggu 11 Maret 2018, 17:00 WIB",Barisan Relawan Jokowi Presiden (Bara JP) dan Relawan Kartini Partai Persatuan Indonesia (Perindo) mendukung paslon No 2 Cagub Jatim Gus Ipul dan Cawagub Puti.,"Surabaya - Barisan Relawan Jokowi Presiden (Bara JP) dan Relawan Kartini Partai Persatuan Indonesia (Perindo) menyatakan dukungan politiknya untuk Cagub Jatim Saifullah Yusuf (Gus Ipul) dan Cawagub Puti Guntur Soekarno.""Bara JP memutuskan mendukung Gus Ipul-Mbak Puti, paslon nomor 2,"" kata Achmad Soedarmadji, Wakil Ketua Bara JP Jawa Timur, Minggu (11/3/2018).Salah satu organ relawan Jokowi itu memiliki anggota yang tersebar di 38 kota dan kabupaten di Jawa Timur. ""Konsekuensi dari dukungan itu, kami akan bekerja untuk memenangkan Gus Ipul-Mbak Puti,"" kata Soedarmadji.Bara JP dibentuk untuk mendukung Jokowi menjadi presiden pada Pemilu 2014. Organisasi ini masih aktif dan akan menyokong Jokowi pada Pemilu 2019.""Kami mendapat sinyal, Presiden Jokowi juga memberi restu pada Gus Ipul-Mbak Puti di Jawa Timur,"" kata dia.Sabtu (10/3), Soedarmadji menemui Cawagub Puti Guntur Soekarno saat berkunjung ke Pasar Atom, Surabaya. Dia menyampaikan langsung aspirasi itu pada cucu Bung Karno tersebut.""Sebaiknya dukungan politik itu segera dikonkritkan dengan membuat deklarasi,"" saran Puti Guntur. Ia berterima kasih atas sikap politik relawan Jokowi tersebut.Selain Bara JP, dukungan juga mengalir dari Relawan Kartini dari Partai Persatuan Indonesia (Perindo). Sikap politik itu dijatuhkan setelah mendapat instruksi langsung dari Ketua Umum Pimpinan Pusat Perindo, Hary Tanoesudibjo.""Kartini Perindo ini mempunyai ribuan anggota di seluruh kabupaten dan kota di Jawa Timur. Kami bergabung untuk turut memenangkan Gus Ipul dan Mbak Puti dalam Pilkada 2018,"" kata Ketua Dewan Pimpinan Wilayah (DPW) Kartini Perindo Jawa Timur, Lina Rosita.Ditambahkan, sejauh ini Kartini Perindo telah sering menggelar bakti sosial, dalam bentuk pemberian sembako dan donor darah. Selain itu juga memasarkan hasil produk usaha UMKM.""Pada warga masyarakat, kami jelaskan arah politik Perindo yang mendukung Gus Ipul dan Mbak Puti. Banyak program yang sama dengan visi misi Kartini Perindo. Mulai peningkatan ekonomi rakyat, pemberdayaan UKM, dan mengurangi angka kemiskinan,"" pungkas dia. (fat/fat) pilgub jatim 2018 pilkada serentak 2018 jawa timur",https://news.detik.com/berita-jawa-timur/d-3910470/relawan-jokowi-dan-kartini-perindo-menangkan-gus-ipul-puti-guntur
"Tanggul Jebol dan Sungai Meluap, 22 Desa di Ponorogo Banjir","Senin 12 Maret 2018, 12:37 WIB",22 Desa dari 5 kecamatan banjir. Data dari BPBD Ponorogo banjir akibat tanggul jebol dan sungai meluap. Apalagi tidak kuat menampung volume air yang berlebih.,"Ponorogo - 22 Desa dari 5 kecamatan banjir. Data dari BPBD Ponorogo banjir akibat tanggul jebol dan sungai meluap. Apalagi tidak kuat menampung volume air yang berlebih.Kepala BPBD Ponorogo, Imam Bashori menuturkan banjir di sejumlah wilayah. Mulai Kecamatan Balong ada 10 desa, Kecamatan Kauman 3 desa, Kecamatan Sukorejo 5 desa, Kecamatan Ponorogo 2 desa, Kecamatan Jambon ada 2 desa.""Desa-desa berdampak ini bervariasi, banjir terjadi di jalanan, perkampungan dan areal persawahan,"" tutur Imam saat ditemui di kantor BPBD, Senin (12/3/2018).Imam menambahkan meski ada luapan sedemikian luas, laporan dari Tim Reaksi Cepat (TRC) BPBD Ponorogo yang sudah diturunkan mengecek lokasi banjir. ""Sampai pagi tadi tidak ada evakuasi warga, semua tataran masih aman,"" jelas dia.Tim, lanjut dia, usai menerima laporan dari masing-masing kepala desa yang terkena banjir tim mengidentifikasi seberapa parah dan luas cakupan air banjir. ""Tim mengevaluasi perlu tidaknya evakuasi, laporan sampai pagi tadi tidak perlu evakuasi,"" terang Imam.Banjir diperkirakan terjadi akibat hujan deras yang mengguyur kawasan Ponorogo pada pukul 17.00 WIB. ""Hujan merata di seluruh wilayah dan sangat lebat mengakibatkan luapan air di beberapa sungai,"" imbuh dia.Imam mengaku ada beberapa titik tanggul yang jebol yakni di Desa Sumberejo dan Desa Tatung, Kecamatan Balong. Meski jebolnya tanggul sudah diantisipasi sebelumnya, ternyata tanggul tetap tidak mampu menampung debit air.""Sehingga mengakibatkan luapan air di beberapa desa,"" tegas Imam.Pihaknya pun sudah melakukan koordinasi dengan dinas PU serta BBWS Solo dan BPBD Madiun kota maupun kabupaten. ""Karena sungai Ponorogo masuk kedalam ranah BBWS Solo dan dinas PU yang menaungi sumber daya air,"" pungkasnya. (fat/fat) banjir di ponorogo",https://news.detik.com/berita-jawa-timur/d-3911544/tanggul-jebol-dan-sungai-meluap-22-desa-di-ponorogo-banjir
"Padi 'Raksasa' di Blitar, Tinggi Bisa Capai 2 Meter dan Bulir Banyak","Senin 12 Maret 2018, 12:24 WIB","Tinggi padi saat ini sekitar 185 sentimeter. Jadi, 'raksasa' di tengah sawah. Sebab padi-padi lainnya hanya setinggi 70 sentimeter. Padi jenis apa?","Blitar - Diaudin Aridowi (24), warga Dusun Bebekan, Desa Combong, Kecamatan Garum, Kabupaten Blitar, tengah bergembira akhir-akhir ini. Padi yang ditanamnya tumbuh besar. Tinggi dan bulirnya banyak. Padi jenis apa itu?Padi PIM 1 namanya. Bibit varietas baru ini didapatkan Udin, sapaan akrab Diaudin Aridowi, dari Petugas Penyuluh Lapangan (PPL) seharga Rp 25 ribu per kilogram.Udin menanam padi tersebut di lahan 14x1 meter pada awal Januari 2018. Kini tinggi padi antara 160 cm hingga 185 cm. Jadi 'raksasa' di tengah sawah sebab padi-padi lainnya hanya setinggi 70 cm.""Kata temen saya, masa tanam padi jenis ini memang lebih lama seminggu daripada padi biasanya. Tapi produksinya lebih banyak dan lebih tahan hama,"" kata Udin ditemui di tepi sawahnya Senin (11/3/2018).Jika padi jenis biasa masa tanamnya selama maksimal 105 hari, maka padi PIM 1 ini baru bisa dipanen setelah masa tanam selama 120 hari. ""Padi PIM1 ini dalam satu batang bisa berisi 800 sampai 900 bulir padi. Kalau padi umumnya, satu batang hanya berisi 125 sampai 200 bulir padi,"" jelas Udin. Ini baru pertama padi jenis tersebut ditanam. Udin hanya coba-coba. Jika hasilnya sepadan dengan masa tanam dan panen, maka ia akan meneruskan. Petani lain, menurut Udin, akan meniru. (trw/trw) padi raksasa varietas baru blitar",https://news.detik.com/berita-jawa-timur/d-3911501/padi-raksasa-di-blitar-tinggi-bisa-capai-2-meter-dan-bulir-banyak
Bupati Banyuwangi Lantik Empat Kepala Dinas,"Senin 12 Maret 2018, 14:40 WIB",Empat pejabat kepala dinas di Banyuwangi sudah tidak lagi menjadi Plt (pelaksana tugas). Ini setelah Bupati Banyuwangi melantik di ruang rapat Rempeg Jogopati.,"Banyuwangi - Empat pejabat kepala dinas di Banyuwangi sudah tidak lagi menjadi Plt (pelaksana tugas). Ini setelah Bupati Banyuwangi Abdullah Azwar Anas melantik mereka di ruang rapat Rempeg Jogopati. Pejabat itu Kepala Dinas Kebudayaan dan Pariwisata (Disbudpar) yang diisi MY Bramuda, Kepala Dinas Koperasi dan Usaha Mikro (Diskop-UM) Alief Rahman Kartiono, Kepala Badan Pendapatan Daerah (Bapenda) Nafiul Huda, dan Kepala Satuan Polisi Pamong Praja (Satpol PP) Edi Supriyono. Dikatakan Anas, pelantikan empat pejabat ini sudah melakukan assessment atau penilaian yang melibatkan Badan Kepegawaian Negara. Selain itu, kata Anas, para pejabat ini juga sudah teruji kinerjanya dan telah dinilai publik.""Mereka sudah bertahun-tahun Plt, seperti dari Dispar yang sudah enam tahun, Diskop sudah empat tahunan, jadi mereka sudah tahu apa yang harus dikerjakan. Tidak harus belajar jadi awal. Ini salah satu strategi kami untuk menguji keandalan para pejabat,"" kata Anas kepada wartawan, Senin (12/3/2018). Kepada mereka, Anas menginstruksikan untuk sering turun ke lapangan mendengar masukan dari berbagai pihak. Bahkan, Anas mematok separuh dari waktu kerjanya dihabiskan untuk memantau langsung ke berbagai lokasi di sektor lingkupnya. ""Misalnya, dijadwalkan setiap jam 11 setelah pelayanan publik selesai, bisa langsung turun. Bahkan, kalau ada undangan yang sifatnya tidak sangat penting, tidak usah didatangi cukup diwakilkan,"" ujar Anas. Hal ini, lanjut dia, penting dilakukan agar kepala dinas bisa langsung mengindentifikasi dan mengeksekusi dengan cepat berbagai permasalahan yang muncul. ""Jadi, kalau ada masalah bisa cepat ditangani karena kepala dinasnya bisa segera mengambil keputusan. Beda kasusnya, kalau kepala dinas hanya menunggu laporan dari bawahan. Prosesnya akan lama,"" kata Anas.Anas berharap, setelah dilantik sebagai kepala dinas definitif, empat kepala dinas ini semakin kreatif menciptakan inovasi. ""Mudah-mudahan sinergi dan koordinasi bersama seluruh stafnya semakin baik. Sehingga inovasi dan akselerasinya juga semakin bagus,"" ujarnya. (fat/fat) pemkab banyuwangi mutasi pegawai bupati anas",https://news.detik.com/berita-jawa-timur/d-3911909/bupati-banyuwangi-lantik-empat-kepala-dinas
Ratusan Fotografer Se-Indonesia Eksplor Desa Wisata Banyuwangi,"Minggu 11 Maret 2018, 17:15 WIB","Lebih 200 fotografer berbagai daerah di Indonesia berlomba-lomba mengabadikan spot-spot menarik di Desa Adat Kemiren, dalam Banyuwangi Race Photo Competition.","Banyuwangi - Lebih dari 200 fotografer dari berbagai daerah di Indonesia berlomba-lomba mengabadikan spot-spot menarik di Desa Adat Kemiren, dalam ajang Banyuwangi Race Photo Competition. Para peserta itu datang dari berbagai kota dari 13 provinsi se-Indonesia. Seperti Surabaya, Pekalongan, Tarakan, Jayapura, Samarinda, Bali, hingga Semarang. Acara yang digelar Minggu (11/3/2018) ini juga dihadiri Mario Blanco, fotografer ternama asal Bali yang juga didapuk sebagai juri. Usai dilepas Bupati Banyuwangi Abdullah Azwar Anas, ratusan peserta ini langsung menyebar ke sudut-sudut Desa Kemiren. Selama 2,5 jam, mereka bebas mengeksplore beragam seni, budaya dan kuliner warga suku Using - suku asli Desa Kemiren. Mulai dari perajin kesenian barong, mainan tradisional, angklung paglak, beragam UMKM makanan, pandai besi, hingga kuliner khas Suku Osing, masyarakat asli Banyuwangi.""Terima kasih atas kehadiran teman-teman fotografer. Luar biasa antusiasmenya,"" kata Bupati Banyuwangi Abdullah Azwar Anas saat melepas reli foto itu. ""Ini adalah salah satu strategi kami dalam memasarkan potensi destinasi alam dan budaya Banyuwangi. Foto selalu berbicara lebih banyak daripada kata-kata, kemudian ini banyak pula yang di-share di media sosial sehingga sangat efektif dalam mengenalkan destinasi Banyuwangi,"" tambah Anas.Mario Blanco, fotografer yang juga salah seorang juri, memberikan acungan jempolnya atas lomba ini. Menurutnya, ini adalah cara tepat menyebarluaskan keindahan alam dan budaya Banyuwangi.""Begitu banyaknya tempat wisata di Banyuwangi, dengan lomba ini pecinta fotografi mendapat kesempatan untuk mengeksplore dan mengekspresikan dirinya. Para fotografer itu punya karya-karya yang berkualitas, tapi terkadang mereka tidak tahu mau diapakan karyanya alias hanya disimpan. Kalau ada lomba, mereka pasti berharap karyanya, bisa terpampang,"" cetus putra pelukis Italia, Antonio Blanco ini.""Dan saya juga senang lewat lomba ini menjadi cara untuk mendapatkan masukan dari banyak pihak untuk mengemas Banyuwangi supaya bisa menjadi suatu destinasi wisata di Indonesia,"" imbuh Blanco yang sangat tertarik dengan fotografi human interest.Rangkaian lomba foto ini digelar selama dua hari. Pada hari pertama kemarin, para peserta mengikuti workshop fotografi dengan pemateri Mario Blanco, fotografer spesial lansekap Eko Sumartopo, dan fotografer asal Banyuwangi penyandang disabilitas, Zulkarnain. Baru di hari kedua, Minggu mereka saling berlomba mengabadikan Desa Kemiren. (fat/fat) banyuwangi fotografer",https://news.detik.com/berita-jawa-timur/d-3910493/ratusan-fotografer-se-indonesia-eksplor-desa-wisata-banyuwangi
Mayat Wanita Tanpa Busana Ditemukan Warga di Tengah Sawah,"Minggu 11 Maret 2018, 19:57 WIB","Sesosok mayat wanita tanpa busana ditemukan di tengah sawah warga Jombang. Saat ditemukan, ada bercak biru di dada dan leher korban menyerupai luka lebam.","Jombang - Sesosok mayat wanita tanpa busana ditemukan warga di tengah sawah Desa Sidomulyo, Megaluh, Jombang. Saat ditemukan, ada bercak biru di dada dan leher korban menyerupai luka lebam.Kapolsek Megaluh AKP Sutikno mengatakan, mayat wanita ini pertama kali ditemukan Hariyono. Pria asal Desa Balong Gemek, Megaluh, ini hendak menyemprot tanaman padi miliknya di Dusun/Desa Sidomulyo.Dalam perjalanan ke sawahnya, Hariyono melihat sesosok mayat wanita tersebut. Kondisi korban meringkuk di tengah tanaman padi milik Heri, warga Dusun/Desa Sidomulyo. Tak sehelai benang pun melekat di tubuh korban.""Warga kemudian melapor ke perangkat desa dan diteruskan ke kami (Polsek Megaluh),"" kata Sutikno saat dihubungi detikcom, Minggu (11/3/2018).Sejumlah anggota SPKT tim Inavis Polres Jombang dan Polsek Megaluh pun datang ke lokasi untuk melakukan olah TKP. Hasilnya, tak ditemukan identitas pada mayat tersebut.Menurut Sutikno, wanita malang ini diperkirakan tewas sejak 2 hari lalu. Korban diduga mengalami gangguan jiwa. Wanita ini kerap berjalan mondar-mandir antara Desa Balong Gemek dengan Dukuh Arum.""Itu berdasarkan keterangan Kades Sidomulyo dan Balong Gemek. Korban jarang berpakaian, kalau dikasih pakaian warga dibuang,"" ujarnya.Wanita ini mempunyai potongan rambut pendek. Gigi depannya ompong. Tubuh korban kurus dengan kulit sawo matang.Disinggung luka lebam di dada dan leher korban, Sutikno memperkirakan itu akibat terkena panas matahari dan terendam lumpur sawah. Namun, untuk memastikan penyebab kematian korban, pihaknya menunggu hasil autopsi dari rumah sakit.""Untuk penyebabnya (kematian korban) kami menunggu hasil autopsi, kemungkinan dalam dua atau tiga hari lagi,"" tandasnya.Saat ini mayat wanita tersebut dievakuasi ke RSUD Jombang. Identitas korban hingga kini belum diketahui. Selama belum terkuak identitasnya, korban dititipkan di rumah sakit plat merah tersebut. (fat/fat) mayat di sawah jombang",https://news.detik.com/berita-jawa-timur/d-3910630/mayat-wanita-tanpa-busana-ditemukan-warga-di-tengah-sawah
"Cobain Yuk, Pengalaman Petik Salak dan Kopi di Kebun Trawas","Senin 12 Maret 2018, 08:13 WIB","Selain durian, Kecamatan Trawas, Mojokerto penghasil salak dan kopi. Bahkan para pengunjung bisa merasakan pengalaman memetik salak dan kopi langsung di kebun.","Mojokerto - Selain durian, Kecamatan Trawas, Mojokerto penghasil salak dan kopi. Bahkan di kawasan wisata lereng Gunung Penanggungan ini, para pengunjung juga bisa merasakan pengalaman memetik salak dan kopi langsung di kebun, sekaligus belajar menanamnya.Pengalaman seru ini bisa dirasakan di Ubaya Edu Agrowisata. Ya, di dalam area Integrated Outdoor Campus (IOC) Kampus 3 Ubaya, Desa Tamiajeng, Trawas, kini terdapat 6 hektare kebun salak dan 1,5 hektar kebun kopi yang dibuka untuk wisatawan.Destinasi wisata anyar ini, berdekatan dengan pos pendakian Gunung Penanggungan Tamiajeng. Sesuai dengan namanya, edu agrowisata menawarkan pengalaman memetik salak dan kopi langsung dari kebun.""Wisatawan bisa petik dan makan salak di dalam kebun sepuasnya, bisa juga untuk dibawa pulang, harganya sama dengan salak di luar,"" kata Rektor Ubaya Prof Joniarto Parung kepada wartawan di lokasi, Senin (12/3/2018).Masuk ke agrowisata ini, pengunjung disambut pepohonan salak yang berjajar rapi. Salak yang berbuah bergerombol membuat tangan tak sabar untuk memetiknya. Jalan beralas batu kerikil, bakal menuntun pengunjung untuk menjelajah kebun salak seluas 6 hektare tersebut.""Untuk kebun kopi kami punya 1,5 hektare, jenis Liberika. Kopi jenis ini banyak tumbuh di Trawas, rasanya lebih soft, masyarakat banyak suka,"" ujar Joniarto.Tak hanya memetik dan makan sepuasnya, di agrowisata ini pengunjung bakal diajari teknik menanam salak dan kopi yang benar. Setidaknya terdapat 5 jenis salak di tempat ini. Yakni salak Bali, Pondoh, Sidempuan, Gading dan Penjalinan.Dengan cara ini, Joniarto berharap bisa menarik minat pengunjung untuk menanam salak di daerahnya masing-masing. Menurut dia, selain buahnya banyak digemari, pohon salak bermanfaat untuk konservasi air.""Salak tanaman yang bisa menahan air, makanya bibit salak banyak kami bagikan ke warga Trawas tujuan utama kami untuk konservasi air,"" ungkapnya.Untuk bisa menjajal pengalaman seru ini, pengunjung cukup membayar Rp 15-25 ribu per orang. Itu belum termasuk ongkos untuk membawa pulang buah tangan salak dan kopi.Mampir ke tempat ini, rasanya belum lengkap jika tak menyambangi Ubaya Penanggungan Center (UPC). Tempat ini menjadi pusat informasi ratusan situs purbakala yang ditemukan di Gunung Penanggungan.Ratusan foto dari sekitar 150 situs purbakala peninggalan Airlangga dan Majapahit di Penanggungan, dipajang di dalam UPC. Seperti candi Pura, candi Putri, candi Sinta, candi Gentong, meja persajian, candi Wisnu, candi Guru, carik, lurah, candi Kendalisodo, candi Sadel, candi Kama II dan III, candi Kendali, punden berundak, altar tunggal, goa pertapaan, goa Buyung, serta goa Watu Tulis.""UPC kami harapkan menjadi pusat informasi awal bagi masyarakat sebelum melihat langsung fisik situs purbakala di Gunung Penanggungan,"" tandas Joniarto. (Enggran Eko Budianto/fat) agrowisata mojokerto ubaya edu agrowisata",https://news.detik.com/berita-jawa-timur/d-3911039/cobain-yuk-pengalaman-petik-salak-dan-kopi-di-kebun-trawas
"Lurah di Blitar OTT Tim Saber Pungli, Uang Rp 9 Juta Diamankan","Minggu 11 Maret 2018, 17:34 WIB","Lurah di Kecamatan Garum, terciduk tim saber pungli Polres Blitar. Tersangka menjadi target operasi tangkap tangan (OTT), saat menerima uang diduga pungli.","Blitar - Lurah di Kecamatan Garum, terciduk tim saber pungli Polres Blitar. Tersangka menjadi target operasi tangkap tangan (OTT), saat menerima sejumlah uang yang diduga pungutan liar. Uang yang diduga pungutan liar itu dalam pengurusan pemecahan dan balik nama letter C sebidang tanah. ""Benar kami telah melakukan OTT pada Jumat (9/3) sekitar pukul 20.00 wib. Tersangka berinisial BC, usia 49 tahun merupakan lurah di Kelurahan/Kecamatan Garum,"" kata Kapolres Blitar, AKBP Slamet Waloya dikonfirmasi, Minggu (11/3/2018).Penangkapan ini, lanjut dia, bermula dari laporan beberapa warga. Mereka menyatakan jika BC sering meminta sejumlah uang, saat mereka mengajukan pengurusan surat tanah. ""Dari laporan itu, kami tindak lanjuti dengan penyelidikan. Dan saat ditangkap di rumahnya, kami amankan enam berkas pemecahan tanah dan uang tunai Rp 9 juta yang diduga hasil pungutan liar,"" jelasnya. Sementara dari keterangan awal saksi yang diperiksa, pelaku meminta uang sebesar Rp 1,5 juta. Katanya uang itu sebagai syarat pemecahan dan balik nama sebidang tanah. Saat ini penyidik unit Tipidkor Satreskrim Polres Blitar masih melakukan pemeriksaan terhadap saksi dan juga BC di Mapolres Blitar untuk proses penyidikan lebih lanjut. (fat/fat) ott saber pungli polres blitar",https://news.detik.com/berita-jawa-timur/d-3910510/lurah-di-blitar-ott-tim-saber-pungli-uang-rp-9-juta-diamankan
Ribuan Jemaah Doakan Gus Ipul Jadi Gubernur Jawa Timur,"Minggu 11 Maret 2018, 18:08 WIB","Ribuan jemaah menghadiri haul KH Muhsin Syafi'i, di Ponpes Roudlotul Muhsinin Bululawang, Kabupaten Malang. Cagub Jatim Saifullah Yusuf didoakan jadi gubernur.","Malang - Ribuan jemaah menghadiri haul KH Muhsin Syafi'i, di Ponpes Roudlotul Muhsinin Bululawang, Kabupaten Malang. Calon Gubernur Saifullah Yusuf atau Gus Ipul turut hadir, didoakan terpilih menjadi gubernur.Di hadapan ribuan jemaah, santri, santriwati dan masyarakat Keponakan KH Abdurahman Wahid (Gus Dur) tampak khusyuk mendengarkan wejangan dari kiai-kiai sepuh, yang hadir. Ada satu pesan yang ditekankan, apa itu?""Dulu orang mau jadi pejabat, sebelumnya dipenjara dulu. Kalau sekarang kebalik. Tapi Gus Ipul ini sudah 10 tahun jadi Wagub tidak ada masalah dia ini bersih,"" kata KH Anwar Iskandar, Pengasuh Pesantren Al-Amin, Kediri, saat memberikan tausiyah.Banyak kepala daerah saat ini yang tersandung masalah korupsi, entah itu bupati, wali kota maupun gubernur. ""Maka kita doakan Gus Ipul jadi gubernur dan selalu bersih dari korupsi. Gus Ipul ini anak Kiai dan didukung kiai-kiai, saya yakin beliau ini orangnya bersih,"" ujar Kiai Anwar kepada ribuan jemaah.Menurut Kiai Anwar, Jumhur (mayoritas) kiai sepuh di Jawa Timur saat ini telah mendukung Gus Ipul agar menjadi Gubernur. ""Jumhur Ulama memilih Gus Ipul. Masak warga NU tidak percaya pilihan para ulama?,"" katanya. Gus Ipul menyapa seluruh warga pondok, baik santri, santriwati hingga masyarakat sekitar yang ikut dalam haul yang diikuti ribuan orang ini. Wagub dua periode ini juga melihat aktivitas pondok jelang haul, seperti di dapur pondok hingga melayani masyarakat yang mengajak berswafoto.Selain ribuan jemaah, tampak hadir pula kiai-kiai sepuh di antaranya KH Zainuddin Jazuli, KH Nurul Hadi Jazuli, KH Fuad Munin Jazuli (Pengasuh Ponpes Ploso, Kediri), juga KH Anwar Iskandar (Ponpes Al-Amin Kediri).KH Suadi, tuan rumah acara mengatakan, sebagai bagian dari para ulama pesantren, dirinya hanya mengenal calon gubernur Gus Ipul. ""Gus Ipul tidak hanya jelang pilkada ke pesantren. Saya kenal Gus Ipul ini sudah lama dan berbeda dengan calon lainnya yang hanya ke pesantren jelang Pilkada,"" ujarnya.Sementara itu harapan kepada Gus Ipul juga diungkapkan KH Nurul Huda Jazuli. ""Minta restunya kepada yang hadir di sini, Gus Ipul maju sebagai Calon Gubernur. Calon yang didukung dan dikehendaki mayoritas ulama dan Kiai sepuh,"" kata Kiai Nurul Huda.Gus Ipul dalam kesempatan ini mengatakan, pesantren dan kiai adalah benteng dari NKRI sehingga menjaga pesantren adalah sebuah kewajiban.""Jika pesantren baik, maka negara ini juga terjaga dengan baik. Para Kiai bagian dari kemerdekaan sehingga menjaga pesantren adalah keharusan,"" kata dia.Karenanya jika terpilih menjadi gubernur, Gus Ipul mengaku akan tetap membantu dan menjaga pesantren. Salah satu caranya adalah dengan membantu perbaikan infrastruktur pesantren dan meningkatkan kualitas para pengajarnya.""Selama ini program BOSDA Madin sudah jalan dan ini yang akan kami tingkatkan. Beasiswa untuk guru Madin yang S1 juga akan kami tingkatkan ke jenjang S2,"" terangnya. Sejak masa kampanyenya, calon gubernur Jawa Timur nomor urut 2 ini, masih tetap melakukan kegiatan rutinnya mendatangi berbagai undangan dari kalangan pesantren. (fat/fat) pilgub jatim 2018 pilkada serentak 2018 jawa timur",https://news.detik.com/berita-jawa-timur/d-3910529/ribuan-jemaah-doakan-gus-ipul-jadi-gubernur-jawa-timur
Luapan 2 Waduk di Madiun juga Robohkan Jembatan di Ngawi,"Minggu 11 Maret 2018, 18:42 WIB","Meluapnya dua waduk di Kecamatan Pilangkenceng, Madiun, juga merobohkan jembatan di Ngawi. Ambruknya jembatan ini mengganggu akses transportasi warga.","Ngawi - Meluapnya dua waduk di Kecamatan Pilangkenceng, Madiun, juga merobohkan jembatan di Dusun Kaligandri, Desa Babadan, Pangkur, Ngawi. Ambruknya jembatan ini mengganggu akses transportasi warga.Kepala Dusun Kaligandri Harminto mengatakan, jembatan sepanjang 36 meter selebar 2 meter ini ambruk sekitar pukul 00.30 WIB. Saat itu tidak hujan, tapi air sungai meluap hingga merendam 3 rumah warga di tepian sungai.Jembatan ini ditopang 4 tiang penyangga. Dua tiang penyangga di tengah sungai, roboh. Jembatan yang terbuat dari kerangka besi dan papan kayu pun terputus sehingga tak bisa dilalui.""Ini jembatan di atas sungai yang airnya dari luapan waduk Notopuro dan Waduk Kedungbrubus di Pilangkenceng, Madiun,"" kata Harminto di lokasi, Minggu (11/3/2018).Ambruknya jembatan yang dibangun tahun 2012 tersebut, kata Harminto, dikeluhkan warga. Karena jembatan ini menjadi jalan utama warganya menuju ke sekolah, makam, pasar dan kantor desa. ""Warga terpaksa memutar lebih jauh sekitar 5 kilometer untuk ke sekolah, makam, pasar dan kantor desa. Padahal kalau lewat jembatan ini hanya satu kilometer,"" ungkapnya.Kondisi ini juga dikeluhkan warga Dusun Kaligandri, Suciati (37). Dia berharap Pemkab Ngawi segera memperbaiki jembatan yang ambruk.""Susah lah kalau tak ada jembatan ini, memutar jauh. Lagian jalannya rusak semua, belum aspal, kasihan anak-anak,"" terangnya.Hujan deras di wilayah Madiun bagian utara mengakibatkan Waduk Notopuro dan Waduk Kedungbrubus meluap masuk ke sungai Muneng. Sebuah jembatan di Desa Ngengor, Kecamatan Pilangkenceng nyaris roboh. (fat/fat) banjir di madiun waduk madiun",https://news.detik.com/berita-jawa-timur/d-3910594/luapan-2-waduk-di-madiun-juga-robohkan-jembatan-di-ngawi
"Resmikan Pondok Pesantren, Puti Guntur Promosikan Program Madin Plus","Minggu 11 Maret 2018, 19:01 WIB",Calon Wakil Gubernur Jatim Puti Guntur Soekarno mempromosikan program 'Madin Plus' yakni rencana kebijakan anggaran untuk memperkuat lembaga madrasah diniyah.," Sidoarjo - Calon Wakil Gubernur Jawa Timur Puti Guntur Soekarno mempromosikan program 'Madin Plus' yakni rencana kebijakan anggaran untuk memperkuat lembaga madrasah diniyah. Rencana kebijakan tersebut disampaikan Puti Guntur Soekarno saat diundang ke Pondok Pesantren Ahlun Najiyah, Tropodo, Kabupaten Sidoarjo, Minggu (11/3/2018).""Gus Ipul dan saya menggagas program 'Madin Plus'. Disebut plus karena kami berdua ingin menambah dan memperluas penerima Biaya Operasional Santri Madrasah Diniyah,"" kata Puti Guntur saat memberikan sambutan.Program itu telah dicantumkan dalam dokumen visi-misi dan janji kerja Calon Gubernur Saifullah Yusuf (Gus Ipul) dan Calon Wakil Gubernur Puti Guntur Soekarno, pasangan nomor 2. ""Plus berikutnya adalah melanjutkan dan memperluas insentif bagi ustad/ustadzah Madrasah Diniyah, Pesantren dan khafidz dan khafidzah,"" jelas Puti Guntur.Gus Ipul dan dirinya telah meletakkan pondok pesantren dalam posisi sangat penting dan strategis, yakni tempat untuk mencetak generasi penerus unggul dan berakhlak.""Kami berdua ingin melakukan penguatan peran pondok pesantren sebagai pusat pendidikan agama dan akhlak,"" tambahnya.Pengasuh Pondok Pesantren Ahlyn Najiyah, Ibu Nyai Mas Fatimah Muhadjir mengatakan, dirinya mengundang Cawagub Puti Guntur Soekarno untuk meresmikan bangunan baru pondok tersebut.""Mbak Puti saya undang untuk membuka dan meresmikan Pondok Pesantren Ahlun Najiyah Cabang Krian,"" kata Ibu Nyai Mas Fatimah.Usia pondok itu terbilang tua, sekitar 370 tahun. Pusatnya di kawasan Sidosermo, Surabaya. ""Kami sekarang membuka cabang di Krian, Sidoarjo,"" terang Nyai Mas Fatimah.Acara itu dihadiri ribuan warga Muslimat, Fatayat NU, ibu-ibu pengajian dan PKK dari kawasan setempat. Selain peresmian pondok, acara itu juga dalam rangka Haul Akbar Nyai Hj. Mas Lathifah Muhajir dan KH Mas Abdur Rozzaq Ustman.""Kami juga memberikan dukungan dan doa untuk Gus Ipul dan Mbak Puti,"" ujar Ibu Nyai Mas Fatimah. (fat/fat) pilgub jatim 2018 pilkada serentak 2018 jawa timur",https://news.detik.com/berita-jawa-timur/d-3910611/resmikan-pondok-pesantren-puti-guntur-promosikan-program-madin-plus
"Kunjungi Ponpes di Banyuwangi, Ini Impian Kapolda Jatim","Minggu 11 Maret 2018, 19:29 WIB",Kapolda Jawa Timur berharap ada polisi lulusan dari pondok pesantren. Ini merupakan visi dan misi Mabes Polri yang ingin mencetak polisi bermental santri.,"Banyuwangi - Kapolda Jawa Timur, Irjen Pol Machfud Arifin berharap ada polisi lulusan dari pondok pesantren. Ini merupakan visi dan misi Mabes Polri yang ingin mencetak polisi bermental santri. Dalam kunjungannya ke Pondok Modern Darussalam Gontor (PMDG), Kampus 5 Darul Muttaqien Banyuwangi, Minggu (11/3/2018), Kapolda Jatim berjanji akan merekomendasikan santri lulusan pesantren yang hafizd Al-Quran untuk menjadi polisi. ""Ini yang kita lakukan agar polisi memiliki mental yang bertakwa dan beriman,""ujarnya kepada wartawan. Machfud tak segan pula memberikan rekomendasi kepada Kapolri Jenderal Tito Karnavian untuk menerima santri yang hafal Al-Quran. ""Kita rekomendasikan langsung ke Kapolri. Saya tak segan untuk memberikan teleskoting kepada santri yang hafizd Al-Quran,"" tegasnya. ""Tapi harus sesuai dengan kriteria dan persyaratan anggota Polri. Kalau larinya itu ndak kuat ya tidak papa yang penting hafal Al-Quran,"" tambahnya. Dalam lawatannya di Pondok Modern yang berpusat di Kabupaten Ponorogo tersebut, Kapolda Jatim banyak mengamati dan melihat langsung aktivitas santri. Kapolda mengaku kedatanganya ke PMDG kampus 5 Darul Muttaqien Banyuwangi itu hanya untuk menjalin silaturahmi. Selain itu, dia dan rombongan juga ingin mengetahui, serta melihat langsung kehidupan santri.""Saya melihat sangat bagus. Meski modern, tapi para santrinya tidak boleh pegang handphone, tentu dunia-dunia hoax para santri juga tidak tahu. Mereka kerjanya haya belajar dan belajar saja di sini,"" ujar Irjen (Pol) Machfud Arifin. (fat/fat) kapolda jatim santri",https://news.detik.com/berita-jawa-timur/d-3910623/kunjungi-ponpes-di-banyuwangi-ini-impian-kapolda-jatim
Wow.. Padi Setinggi 2 Meter Ditanam Warga Blitar,"Senin 12 Maret 2018, 09:07 WIB","Wow.. padi setinggi dua meter ditanam warga Blitar. Jika tinggi batang padi pada umumnya sekitar 70 cm, namun padi jenis baru ini tinggi batangnya bisa 2 meter.","Blitar - Wow... padi setinggi dua meter ditanam warga Blitar. Jika tinggi batang padi pada umumnya sekitar 70 cm, namun padi jenis baru ini tinggi batangnya bisa mencapai dua meter.Padi varietas baru yang diberi nama PIM 1 ini, juga diklaim lebih banyak bulir padinya dan lebih tahan serangan hama.Adalah petani Dusun Bebekan, Desa Combong, Kecamatan Garum, Kabupaten Blitar, yang menanam padi itu. Namanya Mohammad Diaudin Aridowi (24). Udin, sapaan pemuda lajang ini mengaku mendapat bibit padi dari temannya seorang PPL. Bibit padi itu dibeli seharga Rp 25 ribu/kg.""Saya tanamnya awal Januari lalu, kata temen saya masa tanam padi jenis ini memang lebih lama seminggu daripada padi biasanya. Tapi produksinya lebih banyak dan lebih tahan hama,"" kata Udin ditemui di tepi sawahnya Senin (11/3/2018).Jika padi jenis biasa masa tanamnya selama maksimal 105 hari. Namun padi PIM 1 ini baru bisa dipanen setelah masa tanam selama 120 hari. Begitu juga dengan kapasitas produksi yang diklaim empat kali lipat dari padi biasa.""Padi PIM1 ini dalam satu batang bisa berisi 800 sampai 900 bulir padi. Kalau padi umumnya, satu batang hanya berisi 125 sampai 200 bulir padi,"" jelasnya. Pantauan detikcom di sawah sepetak yang ditanami padi PIM 1, batang pohon padi jenis ini terlihat lebih besar dan kokoh. Begitu juga buliran padinya lebih rapat, padat dan berwarna cemerlang.Dari jauh, tanaman padi ini lebih mirip jagung. Selain tingginya sama dengan tinggi pohon jagung, batangnya yang besar, bisa rimbun menutup tubuh Udin yang tingginya 175 cm. Tanaman padi yang ditanam Udin akan panen pekan depan. Selama ini Udin mengaku tidak kesulitan merawat tanaman padinya. Selain pupuk kimia, ternyata padi jenis ini lebih cocok diberi pupuk kandang. ""Biaya pemeliharaan juga lebih sedikit, karena padi ini utamanya memakai pupuk dari kotoran sapi,"" ungkapnya.Meski padi ini baru ditanam pertama kali oleh Udin, namun perkembangannya terlihat menggembirakan. Udin berharap panennya bisa berhasil, sehingga petani Blitar yang lainnya mau meniru menanam padi jenis sama. (fat/fat) tanam padi blitar",https://news.detik.com/berita-jawa-timur/d-3911096/wow-padi-setinggi-2-meter-ditanam-warga-blitar
"Resmi, Kepala Bakorwil Jember Terpilih Jadi Plt Bupati Probolinggo","Senin 12 Maret 2018, 09:58 WIB","Setelah masa bakti Bupati Probolinggo periode 2013-2018 berakhir, Gubernur Jatim telah menunjuk Kepala Bakorwil Jember untuk menjadi Plt Bupati Probolinggo.","Probolinggo - Setelah masa bakti Bupati Probolinggo periode 2013-2018 berakhir, Gubernur Jawa Timur Soekarwo telah menunjuk R Tjahjo Widodo untuk menjadi Penjabat (Pj) Bupati di daerah tersebut.Sebelum dipilih sebagai Plt Bupati Probolinggo, Tjahjo merupakan Kepala Badan Koordinasi Daerah (Bakorwil) Jember. Saat dihubungi detikcom, Tjahjo membenarkan jika dirinya akan dilantik sebagai Plt Bupati Probolinggo oleh Soekarwo pada hari Selasa (13/3/2018) di Gedung Grahadi Surabaya. Bersama Tjahjo, ada tiga Plt pimpinan daerah lain yang ikut dilantik, yaitu Plt Bupati Sampang, Bangkalan dan Bojonegoro. ""Rabu (14/3/2018) besok harinya saya langsung akan silaturahmi dan doa bersama di Pendopo Kabupaten Probolinggo,"" katanya, Senin (12/3/2018).Kepala Dinas Komunikasi, Informatika, Statistik dan Persandian Kabupaten Probolinggo, Tutug Edo Utomo juga membenarkan informasi tersebut. Berdasarkan informasi memang Plt Bupati yang akan mengisi posisi bupati masih akan dilantik pada Selasa besok. ""Habis dilantik oleh Gubernur Jatim, beliau akan silaturrahmi pada keesokan harinya,"" ujarnya.Sebelumnya, masa bakti Bupati Probolinggo periode 2013-2018 telah berakhir pada tanggal 20 Februari kemarin. Sesuai dengan petunjuk Gubernur, jabatan Bupati masih diisi oleh Pejabat Pelaksana Harian (PLH) sampai dengan dipilihnya Plt oleh Gubernur.""Jadi PLH yang dipilih yakni Sekda Kabupaten Probolinggo Soeparwiyono, untuk menjalankan roda pemerintahan Kabupaten Probolinggo sampai dengan pelantikan Plt,"" tegas Tutug. (lll/fat) plt bupati probolinggo birojatim",https://news.detik.com/berita-jawa-timur/d-3911138/resmi-kepala-bakorwil-jember-terpilih-jadi-plt-bupati-probolinggo
"Program Kerja Cagub Jatim, Begini Kata Pakar Ilmu Politik","Senin 12 Maret 2018, 11:07 WIB",Program kerja pasangan calon di Pilgub Jawa Timur 2018 memang menggiurkan. Namun apakah itu bisa menjadi jaminan untuk mendulang suara saat pencoblosan nanti?,"Malang - Program kerja pasangan calon di Pilgub Jawa Timur 2018, memang menggiurkan. Namun, apakah itu bisa menjadi jaminan untuk mendulang suara pada saat pencoblosan nanti?Paslon urut 1 Khofifah Indar Parawansa-Emil Elistianto Dardak, contohnya, pada beberapa kesempatan berulangkali menawarkan program kerja jika mereka terpilih. Di antaranya Jatim Cerdas, Jatim Berdaya, serta Jatim Agro, yang tentunya diklaim akan dijalankan saat memimpin Jawa Timur lima tahun mendatang. Khofifah-Emil merangkumnya dalam program kerja Nawa Bhakti Satya.Sementara itu Saifullah Yusuf-Puti Guntur Soekarno mempunyai delapan program kerja, diantaranya Rp 1 triliun untuk Madura, Seribu Desa Wisata, dan Pusat Ekonomi Baru Jalur Lintas Selatan.""Kami melihat, subtansi dari program kerja dua paslon hampir sama. Contohnya pendidikan dan kesehatan yang sama-sama digratiskan. Hanya penyampaian judul yang membedakan dari program kerja mereka itu,"" ungkap Dosen Fakultas Ilmu Politik dan Ilmu Sosial Universitas Brawijaya, Wawan Sobari kepada detikcom, Senin (12/3/2018).Tentunya, kata dia, jika melihat program kerja yang tidak memiliki perbedaan besar itu, masyarakat sebagai pemilik hak suara, akan berpikir rasional dan realistis ketika akan menentukan pilihannya.""Jika begitu, masyarakat larinya kepada yang realistis. Ketika dia memang membutuhkan program kerja yang disampaikan salah satu calon, bisa saja memberikan hak suaranya ke calon itu,"" ungkap Wawan.Dari hasil survei yang dia ketahui, yaitu Poltracking, menyebut di Jawa Timur, hanya 43,8 persen pemilih mempertimbangkan program kerja yang dimiliki kandidat.Sementara 57 persen lainnya lebih mempertimbangkan visi misi yang dibawa saat pencalonan. ""Jadi lumayan ada 30 sampai 35 persen pemilih rasional. Tentunya masyarakat punya pertimbangan lain, yakni irasional yang tak berkaca atau melihat dari program kerja atau visi dan misi calon,"" paparnya.Menurut Wawan, jika dibandingkan lagi, paslon urut 2 lebih baik dalam hal mengemas judul dari program kerja yang ditawarkan. Seperti, Pak Dilan (pendidikan yang digratiskan), Mas Metal (masyarakat melek digital), Seribu Dewi (Seribu Desa Wisata), dan Satria Madura (Satu Triliun untuk Madura).Meski demikian diakui Wawan, Khofifah-Emil juga memakai judul yang tak kalah menarik seperti Jatim Cerdas, Jatim Berdaya, Jatim Agro, PKH Plus, agar menarik simpati masyarakat.""Jika dilihat Gus Ipul-Puti membuat judul mudah diingat masyarakat, mengemasnya sangat bagus. Tapi itu bukan jaminan nanti akan menarik simpati pemilih. Terpenting adalah para calon, berani memberikan wadah bagi masyarakat untuk menagih janji-janji itu, karena selama ini belum pernah tersampaikan,"" tuturnya.""Seperti Khofifah-Emil ketika menyampaikan program Jatim Berdaya, tentunya berlaku untuk semua segmen, bukan hanya menyasar anak muda, contohnya menjamin lapangan pekerjaan, berkaca kepada pengangguran terbuka yang ada di Jawa Timur,"" sambung Ketua Pusat Program Magister Ilmu Sosial FISIP Universitas Brawijaya ini. (lll/fat) pilgub jatim 2018 program kerja malang birojatim",https://news.detik.com/berita-jawa-timur/d-3911298/program-kerja-cagub-jatim-begini-kata-pakar-ilmu-politik
"Hati-hati, Jembatan Jalan Kartini Ambles dan Retak","Senin 12 Maret 2018, 11:12 WIB","Jembatan di Jalan Kartini ambles. Amblesnya jembatan yang sudah tua itu sekitar 10 cm. Akibatnya, akses menuju Jembatan Kartini ditutup.","Surabaya - Jembatan di Jalan Kartini ambles. Amblesnya jembatan yang sudah tua itu sekitar 10 cm. Akibatnya, akses menuju Jembatan Kartini dari Diponegoro dan dari Jalan Raya Darmo ditutup sejak pagi tadi, Senin (12/3/2018).Dari pantauan detikcom, amblesnya jembatan itu menyebabkan retakan di jalan aspal hampir separuh badan jalan.Penutupan dilakukan usai Kapolrestabes Surabaya Kombes Pol Rudi Setiawan, Kadishub Irvan Wahjudrajat dan petugas Dinas PU Bina Marga, mengecek lokasi.Kesepakatannya, kawasan tersebut ditutup selama perbaikan untuk mengantisipasi hal-hal yang tidak diinginkan.""Pagi tadi kami cek lokasi, dilanjutkan berkoordinasi kemudian kami putuskan untuk ditutup sementara selama perbaikan,"" kata Rudi.Menurut Rudi, amblesnya Jembatan Kartini akibat bantalan jembatan retak. ""Yang ambles hanya satu sisi, tetapi jika tidak ditutup akan membahayakan pengguna jalan,"" imbuhnya. (ze/fat) jembatan kartini ambles pemkot surabaya dishub surabaya dinas pu surabaya",https://news.detik.com/berita-jawa-timur/d-3911307/hati-hati-jembatan-jalan-kartini-ambles-dan-retak
"Unggul di Survei, Khofifah: 2 Minggu ke Depan Lebih Signifikan","Senin 12 Maret 2018, 11:13 WIB","Survei Litbang Kompas menunjukkan Khofifah unggul tipis dari Saifullah Yusuf. Khofifah menargetkan dalam 2 pekan ke depan, hasilnya survei lebih signifikan.","Mojokerto - Survei yang dilakukan Litbang Kompas, pasangan Khofifah Indar Parawansa-Emil Dardak unggul tipis dari pesaingnya Saifullah Yusuf (Gus Ipul)-Puti Guntur Soekarno. Namun, itu tak membuat Khofifah berpuas diri. Dia menargetkan dalam 2 pekan ke depan, selisih hasil survei dengan pasangan nomor urut 2 akan lebih signifikan.Hal itu dikatakan Khofifah usai blusukan di Pasar Tanjung Anyar, Kota Mojokerto, Senin (12/3/2018). Calon Gubernur Jatim nomor urut 1 ini akan lebih memaksimalkan penyapaan ke masyarakat.""Kami ingin terus membangun perluasan penyapaan. Saya melakukan, Mas Emil melakukan, terpisah Mbak Arumi juga melakukan. Relawan-relawan juga luar biasa, partai-parti pengusung juga sudah mulai bergerak,"" kata Khofifah kepada wartawan.Mantan Menteri Sosial ini mengaku, saat ini pergerakan partai-parti pengusungnya sangat signifikan. Dirinya juga merasakan respons yang lebih solid dari partai pengusung dan para relawan saat berkunjung ke beberapa daerah di Jatim.""Jadi, rasanya kalau disurvei dua minggu ke depan insyaAllah akan lebih signifikan,"" ujarnya.Untuk mendongkrak elektabilitasnya saat ini, Khofifah mengaku tak akan mendatangkan tokoh ternama di rangkaian kampanyenya di Jatim.""Endak begitu (datangkan tokoh ternama), nanti siang insyaAllah fansnya Bang Haji Rhoma Irama akan support kita juga,"" terangnya.Persaingan pasangan Khofifah-Emil dengan Gus Ipul-Puti Guntur di Pilgub Jatim 2018, semakin ketat. Hal itu terlihat dari survei terbaru yang dirilis Litbang Kompas, Senin (12/3/2018). Elektabilitas Khofifah-Emil 44,5% sementara Gus Ipul-Puti 44%. Masih ada 11,5% pemilih yang belum menentukan pilihan. (trw/trw) pilgub jatim 2018 pilkada serentak 2018 jawa timur",https://news.detik.com/berita-jawa-timur/d-3911303/unggul-di-survei-khofifah-2-minggu-ke-depan-lebih-signifikan
Puti Terkesan Keuletan Perajin Alat Dapur yang Eksis Sejak 1970-an,"Senin 12 Maret 2018, 11:31 WIB","Puti berjanji akan melindungi pelaku industri rumahan, yang jumlahnya begitu banyak di Jawa Timur. Termasuk para perajin alat dapur di Banyuwangi.","Banyuwangi - Calon Wakil Gubernur Jawa Timur Puti Guntur Soekarno terkesan dengan keuletan para perajin alat-alat rumah tangga di Kampung Sayangan, Desa Kalibaru Wetan, Kecamatan Kalibaru, Banyuwangi. Puti mengunjungi kampung itu, Senin (12/3/2018). Ia melihat dan berdialog dengan para perajin. Usaha mereka hidup sejak 1970-an dan jumlah perajin terus bertambah sampai sekarang.Puti berjanji akan melindungi pelaku industri rumahan, yang jumlahnya begitu banyak di Jawa Timur.""Perlindungan itu, salah satunya melalui kebijakan anggaran dan akses modal, yang membuat para pelaku UMKM bisa bertahan dan berkembang,"" kata Puti kepada detikcom usai bertemu dengan perajin alat rumah tangga di Kampung Sayangan.Dari warga, Puti mendapat penjelasan, dahulu usaha pembuatan alat-alat rumah tangga, seperti dandang, dimulai oleh 2 perajin. ""Sekarang sudah menjadi 34 perajin,"" kata Selamet, tokoh warga setempat.Sekarang produknya telah beragam. Kualitasnya juga bagus. Barang-barang tidak diproduksi massal. Para pekerja bekerja dengan alat-alat manual. Per hari, tiap rumah industri hanya membuat 4-6 kerajinan alat dapur. ""Hasilnya dikirim ke Banyuwangi, Jember, Bali, dan kota-kota lain di Jawa,"" jelas warga. Saifullah Yusuf (Gus Ipul) dan Calon Wakil Gubernur Puti Guntur Soekarno telah merumuskan rencana-rencana kebijakan untuk pelaku UMKM. ""Salah satunya, penjaminan akses perbankan untuk dalam pembiayaan UMKM,"" kata Puti. (trw/trw) pilgub jatim 2018 pilkada serentak 2018 jawa timur",https://news.detik.com/berita-jawa-timur/d-3911356/puti-terkesan-keuletan-perajin-alat-dapur-yang-eksis-sejak-1970-an
"Jembatan Jalan Kartini Ambles, Ini Kata Kadis PU","Senin 12 Maret 2018, 11:40 WIB","Jembatan di Jalan Kartini ambles. Pemkot Surabaya menyebut amblesnya Jembatan Kartini bukan disebabkan tergerus air, namun karena faktor usia.","Surabaya - Jembatan di Jalan Kartini ambles. Pemkot Surabaya menyebut amblesnya Jembatan Kartini bukan disebabkan tergerus air, namun karena faktor usia.""Bukan karena penahan tergerus air tetapi karena usia jembatan yang dibangun sejak 1970 an,"" kata Kepala Dinas PU Bina Marga dan Pematusan Kota Surabaya Erna Purnawati pada detikcom, Senin (12/3/2018).Erna menegaskan amblesnya Jembatan Kartini bukan tidak diketahui pihaknya. Namun, sudah masuk dalam rencana revitalisasi.""Jembatan itu sudah masuk perencanaan perbaikan peremajaan sejak 2017 dan sudah kami lelang serta sudah ada pemenang lelang. April 2018 tinggal pelaksanaan,"" ungkap Erna.Ia mengungkapkan, jembatan yang memiliki lebar 8 meter dengan panjang 10 meter dibangun sekitar 1970an. ""Dulu kan bangun jembatan tidak dihitung ketinggian air, hanya dibangun. Jadi di bawah jembatan itu terlalu tinggi, sehingga air tidak bisa lewat. Harus dikeruk saat perbaikan jembatan nanti,"" tambah dia.Jembatan Kartini ditutup karena ambles sekitar 10 cm. Amblesnya jembatan itu menyebabkan retakan di jalan aspal hampir separuh badan jalan. Polisi dan dishub akhirnya menutup Jembatan Kartini selama dilakukan perbaikan. (ze/fat) jembatan kartini ambles pemkot surabaya dishub surabaya dinas pu surabaya",https://news.detik.com/berita-jawa-timur/d-3911400/jembatan-jalan-kartini-ambles-ini-kata-kadis-pu
Jalan dan Tambak di Lamongan Terendam Banjir Luapan Bengawan Njero,"Senin 12 Maret 2018, 11:44 WIB",Tingginya banjir yang melanda kawasan Bengawan Njero ini mengakibatkan aktivitas warga terganggu. Warga harus berjibaku melawan genangan.,"Lamongan - Banjir yang melanda kawasan Bengawan Njero Lamongan mengakibatkan sejumlah ruas jalan poros strategis antar kecamatan terendam. Bahkan, selain telah merendam jalan, banjir akibat tingginya curah hujan ini juga mengakibatkan sejumlah rumah dan gedung sekolah di Lamongan kebanjiran.Pantauan di lapangan, genangan air banjir yang cukup parah terjadi beberapa titik jalan Desa Kemlagi Lor, Desa Kiringan, keduanya di Kecamatan Turi. Selain itu, jalan poros strategis yang juga ikut terendam diantaranya jalan Desa Tiwet, Desa Blajo, Glumo yang berada di wilayah Kecamatan Kalitengah. ""Airnya tinggi mas, 50 cm lebih, ada yang 70 cm,"" terang Bambang, seorang warga Kecamatan Kalitengah.Akibat tingginya air yang merendam jalan poros strategis ini, sejumlah motor yang nekad menerjang banjir pun terpaksa harus mogok di tengah jalan dan menuntun motornya dengan jarak yang lumayan jauh. Banyaknya motor yang mogok ini, menurut Bambang, mesin motor tiba-tiba mati karena businya terendam air. Selain itu,, lanjut Bambang, knalpot dan mesin juga kemasukan air karena tingginya air banjir. Semua jenis kendaraan yang melintas dari arah utara atau sebaliknya, kata Bambang, harus menerjang banjir. ""Mau bagaimana lagi, ini adalah jalan satu-satunya dan alternatif lain juga tidak ada,"" ungkapnya.Tingginya banjir yang melanda kawasan Bengawan Njero ini mengakibatkan aktivitas warga terganggu. Pasalnya, warga yang akan berangkat kerja harus berjibaku melawan banjir sebelum bekerja. ""Jelas terganggu mas, ini tadi berangkat kerja jam setengah 7, tapi karena mogok di tengah banjir terpaksa harus telat masuk kantor,"" aku warga lainnya, Suhadak.Sementara, ribuan hektare lahan tambak di Kecamatan Turi, Kalitengah dan Karangbinangun pematangnya tak lagi kelihatan tertutup air. Warga terpaksa harus memasang pirik (jaring, red) di atas pematang agar ikan tidak keluar karena terbawa air. ""Banjir semacam ini hampir tiap tahun terjadi, memasang pirik ini untuk antisipasi agar ikan tidak ikut arus banjir,"" terang Suhadak. (trw/trw) banjir di lamongan banjir lamongan",https://news.detik.com/berita-jawa-timur/d-3911401/jalan-dan-tambak-di-lamongan-terendam-banjir-luapan-bengawan-njero
"Satu Orang Tenggelam di DAM, Tim SAR Masih Lakukan Evakuasi","Senin 12 Maret 2018, 11:58 WIB","Tim SAR masih dalam proses pencarian satu orang yang tenggelam di DAM Standur Bangkal, Sumenep. Korban bernama Salim masih belum ditemukan.","Surabaya - Tim SAR masih dalam proses pencarian satu orang yang tenggelam di DAM Standur Bangkal, Sumenep. Korban bernama Salim (20) masih belum ditemukan. ""Saat ini masih proses pencarian,"" ujar anggota Basarnas Octavino, di Surabaya, Senin (12/3/2018).Sementara saksi mata di kejadian, Saiful, mengatakan saat itu ada tiga orang pemuda yang sedang pesta minuman keras di pintu air Standur. Ketika botol minum mereka terjatuh ke DAM, Fikri pun meloncat ke pintu air tersebut dan akhirnya hanyut oleh arus. ""Tak lama, si Salim meloncat untuk menolong Fikri. Keduanya pun terseret arus air yang deras,"" tambah Saiful. Lalu, Roni ikut melompat untuk menolong kedua temannya. Dia juga sempat meminta tolong warga dan dilempari tali tambang. ""Roni berhasil selamat. Namun kedua temannya tidak,"" lanjut Saiful. Malangnya, Fikri berhasil ditemukan dalam keadaan meninggal dunia. Sementara tim SAR masih dalam proses mencari Salim. Selain itu, tim SAR juga menemui banyak kendala ketika melakukan pencarian. Misalnya cuaca yang mendung, banyaknya tonggak, bebatuan dan bambu di lokasi, air sungai mengalami surut karena cerukan hingga pusaran air yang cukup deras.  (lll/fat) orang tenggelam sumenep birojatim",https://news.detik.com/berita-jawa-timur/d-3911444/satu-orang-tenggelam-di-dam-tim-sar-masih-lakukan-evakuasi
"Dicurhati Plengsengan Ambrol, Cawali Ini Blusukan ke Kampung","Senin 12 Maret 2018, 12:10 WIB",Calon Wali Kota Moch Anton tak hanya menyasar pasar tradisional di masa kampanye. Cawali petahana ini juga blusukan ke kampung-kampung padat penduduk.,"Malang - Calon Wali Kota Moch Anton tak hanya menyasar pasar tradisional di masa kampanye. Cawali petahana ini juga blusukan ke kampung-kampung padat penduduk. Seperti hari ini, Anton seorang diri mengunjungi RW 18, Kampung Glintung, Kelurahan Purwantoro, Kecamatan Blimbing, Kota Malang.Anton bertemu banyak warga, yang menginginkan adanya perbaikan infrastruktur. Salah satunya, plengsengan ambrol berada di belakang pemukiman warga.""Mumpung ada Abah Anton, warga minta ada perbaikan plensengan dan pagar makam,"" ujar Ketua RW 18, Supriyadi kepada detikcom di sela kehadiran Anton di lingkungannya, Senin (12/3/2018).Kepada warga Anton berjanji, akan memuwujudkan keinginan warga. Namun, dirinya meminta waktu untuk merealisasikannya. ""Tadi warga ada beberapa keluhan soal plensengan yang ambrol. Nanti semoga bisa segera diperbaiki, agar warga menempati rumah dengan aman dan nyaman tanpa ada rasa khawatir,"" ucap Anton terpisah.Bersama tim suksesnya, Anton tak lupa meminta warga agar menggunakan hak pilihnya dengan baik. Saat hari pencoblosan tiba, dengan mendatangi Tempat Punggutan Suara (TPS) terdekat.Jangan sampai momentum memilih wali kota dan wakilnya 5 tahun ke depan, dibiarkan begitu saja. Selain bertandang ke Kampung Glintung, cawali nomor urut 2, hari ini juga menggelar kampanye di Kampung Jodipan, yang juga masih wilayah Kecamatan Blimbing.Anton maju kembali di Pilwali Kota Malang 2018 dengan menggandeng Syamsul Mahmud. Paslon ASIK yang diusung PKB, PKS, Perindo dan Gerindra. (fat/fat) pilwali malang 2018",https://news.detik.com/berita-jawa-timur/d-3911483/dicurhati-plengsengan-ambrol-cawali-ini-blusukan-ke-kampung
"Khofifah ke Pasar Tanjung Anyar, Pedagang Curhat Sepi Pembeli","Senin 12 Maret 2018, 12:45 WIB","Dalam blusukannya, Khofifah mengaku mendapat keluhan dari para pedagang di Pasar Tanjung Anyar. Menurut dia, para pedagang mengeluh sepi pembeli.","Mojokerto - Cagub Jatim Khofifah Indar Parawansa blusukan di Pasar Tanjung Anyar, Kota Mojokerto untuk menampung aspirasi para pedagang. Hasilnya, cagub nomor urut 1 ini berharap ada agen perbankan penyalur kredit usaha rakyat (KUR) untuk memudahkan akses modal para pedagang.Blusukan Khofifah berlangsung meriah dengan iringan musik dari grup pengamen jalanan. Tak hanya menyapa para pedagang dan pembeli di Pasar Tanjung Anyar, mantan Menteri Sosial ini juga memborong sejumlah kebutuhan pokok. Seperti daging ayam, sirsak dan sayur-sayuran.Dalam blusukannya, Khofifah mengaku mendapat keluhan dari para pedagang di Pasar Tanjung Anyar. Menurut dia, para pedagang mengeluh sepi pembeli.""Kalau Minggu lebih sepi lagi. Penjual bahan pangan seperti ayam, daging, sayur mereka berharap masuk saja ke pasar. Suasana infrastruktur pasar sudah nyaman, membawa penjual masuk ke pasar akan lebih nyaman,"" kata Khofifah kepada wartawan di lokasi, Senin (12/3/2018).Terkait kondisi pasar tradisional di Jatim, lanjut Khofifah, perlu dilindungi dan direvitalisasi agar tak tergerus pasar modern. Perlindungan itu juga harus didukung dengan penerapan regulasi baru dan berapa intervensi dari pemerintah.""Di beberapa titik saya berharap ada pergudangan sehingga penjual di pasar bisa mengakses barang dengan mudah dan murah. Sehingga harganya kompetitif dengan pasar modern,"" ujarnya.Tak hanya persoalan infrastruktur, tambah Khofifah, dirinya juga berharap ada agen perbankan yang bertugas menyalurkan KUR dengan bunga 7% per tahun. Sejauh ini, dirinya belum menemukan adanya agen perbankan di pasar-pasar tradisional Jatim.""Saya sudah koordinasi dengan perbankan untuk bunga 7 persen per tahun, saya sudah sampaikan. Warga pasar bisa buka agen perbankan dengan bunga 7% per tahun akan sangat memudahkan penjual mengakses dana murah,"" tandasnya.Dari Pasar Tanjung Anyar, Khofifah melanjutkan kampanyenya ke sentra perajin sepatu di Kelurahan Pulorejo, Prajurit Kulon. Khofifah juga akan mengunjungi sentra penghasil kerupuk rambak di Bangsal, Mojokerto. (trw/trw) pilgub jatim 2018 pilkada serentak 2018 jawa timur",https://news.detik.com/berita-jawa-timur/d-3911545/khofifah-ke-pasar-tanjung-anyar-pedagang-curhat-sepi-pembeli
"Serempet Truk Gandeng, Warga Blitar Tewas Terjatuh","Senin 12 Maret 2018, 13:12 WIB","Menyerempet truk gandeng, seorang pengendara sepeda motor di Blitar tewas terjatuh.","Blitar - Sebuah kecelakaan nahas menewaskan seorang pengendara motor dengan nomor polisi AG 3812 KV. Sepeda motor itu diketahui menyerempet truk gandeng dengan nomor polisi AG 8241 UP.Lokasi kecelakaan tepat di traffic light Simpang Tiga Herlingga Kota Blitar. Dari informasi yang dihimpun, dua kendaraan ini sama-sama berasal dari arah timur. Lalu sopir truk, Sikan, mengaku akan menuju ke arah selatan. Ia berjalan terus karena ada tanda belok kiri langsung jalan.""Itu tadi pas lampu hijau menyala. Sepeda motor posisinya pas di belakang saya. Sepertinya dia mau mendahului mobil Avanza di depannya. Tahu-tahu saya lihat lewat spion sepeda motor sudah jatuh,"" kata Sakin pada detikcom, Senin (12/3/2018).Korban diketahui bernama Trimo (67), warga Sumberdiren Kecamatan Garum Kabupaten Blitar. Posisi korban terjatuh di bawah bak truk kedua. Helmnya terjatuh dan terlempar sejauh 30 meter. Korban mengalami luka di kepala.Sementara sepeda motor yang dikendarai korban rusak parah. Spion sebelah kiri terlepas dan lampu sign belakang pecah.Korban langsung dievakuasi ke RSUD Mardi Waluyo. Arus lalu lintas di tempat kejadian sempat tersendat saat polisi mengamankan lokasi kecelakaan. (lll/fat) kecelakaan sepeda motor blitar birojatim",https://news.detik.com/berita-jawa-timur/d-3911647/serempet-truk-gandeng-warga-blitar-tewas-terjatuh
